[{"model": "contenttypes.contenttype", "pk": 1, "fields": {"app_label": "admin", "model": "logentry"}}, {"model": "contenttypes.contenttype", "pk": 2, "fields": {"app_label": "auth", "model": "permission"}}, {"model": "contenttypes.contenttype", "pk": 3, "fields": {"app_label": "auth", "model": "group"}}, {"model": "contenttypes.contenttype", "pk": 4, "fields": {"app_label": "auth", "model": "user"}}, {"model": "contenttypes.contenttype", "pk": 5, "fields": {"app_label": "contenttypes", "model": "contenttype"}}, {"model": "contenttypes.contenttype", "pk": 6, "fields": {"app_label": "sessions", "model": "session"}}, {"model": "contenttypes.contenttype", "pk": 7, "fields": {"app_label": "sites", "model": "site"}}, {"model": "contenttypes.contenttype", "pk": 8, "fields": {"app_label": "account", "model": "emailaddress"}}, {"model": "contenttypes.contenttype", "pk": 9, "fields": {"app_label": "account", "model": "emailconfirmation"}}, {"model": "contenttypes.contenttype", "pk": 10, "fields": {"app_label": "socialaccount", "model": "socialaccount"}}, {"model": "contenttypes.contenttype", "pk": 11, "fields": {"app_label": "socialaccount", "model": "socialapp"}}, {"model": "contenttypes.contenttype", "pk": 12, "fields": {"app_label": "socialaccount", "model": "socialtoken"}}, {"model": "contenttypes.contenttype", "pk": 13, "fields": {"app_label": "core", "model": "address"}}, {"model": "contenttypes.contenttype", "pk": 14, "fields": {"app_label": "core", "model": "coupon"}}, {"model": "contenttypes.contenttype", "pk": 15, "fields": {"app_label": "core", "model": "item"}}, {"model": "contenttypes.contenttype", "pk": 16, "fields": {"app_label": "core", "model": "order"}}, {"model": "contenttypes.contenttype", "pk": 17, "fields": {"app_label": "core", "model": "refund"}}, {"model": "contenttypes.contenttype", "pk": 18, "fields": {"app_label": "core", "model": "payment"}}, {"model": "contenttypes.contenttype", "pk": 19, "fields": {"app_label": "core", "model": "orderitem"}}, {"model": "contenttypes.contenttype", "pk": 20, "fields": {"app_label": "core", "model": "userprofile"}}, {"model": "contenttypes.contenttype", "pk": 21, "fields": {"app_label": "social_django", "model": "association"}}, {"model": "contenttypes.contenttype", "pk": 22, "fields": {"app_label": "social_django", "model": "code"}}, {"model": "contenttypes.contenttype", "pk": 23, "fields": {"app_label": "social_django", "model": "nonce"}}, {"model": "contenttypes.contenttype", "pk": 24, "fields": {"app_label": "social_django", "model": "usersocialauth"}}, {"model": "contenttypes.contenttype", "pk": 25, "fields": {"app_label": "social_django", "model": "partial"}}, {"model": "contenttypes.contenttype", "pk": 26, "fields": {"app_label": "core", "model": "netorders"}}, {"model": "contenttypes.contenttype", "pk": 27, "fields": {"app_label": "core", "model": "closed_dates"}}, {"model": "contenttypes.contenttype", "pk": 28, "fields": {"app_label": "core", "model": "closeddates"}}, {"model": "contenttypes.contenttype", "pk": 29, "fields": {"app_label": "core", "model": "currentwindow"}}, {"model": "contenttypes.contenttype", "pk": 30, "fields": {"app_label": "core", "model": "inputdates"}}, {"model": "contenttypes.contenttype", "pk": 31, "fields": {"app_label": "core", "model": "cutofftime"}}, {"model": "contenttypes.contenttype", "pk": 32, "fields": {"app_label": "core", "model": "closeddate"}}, {"model": "contenttypes.contenttype", "pk": 33, "fields": {"app_label": "core", "model": "itemvariation"}}, {"model": "contenttypes.contenttype", "pk": 34, "fields": {"app_label": "core", "model": "netitem"}}, {"model": "sessions.session", "pk": "0f2spoklw1vu10huh95843quxb8iyowy", "fields": {"session_data": "OTJjNTQ4MTFiNjNkZjAxZDMwMDlmYTViNDIwMzgxNDAzOGUxMDI4Nzp7Il9hdXRoX3VzZXJfaWQiOiI0IiwiX2F1dGhfdXNlcl9iYWNrZW5kIjoiZGphbmdvLmNvbnRyaWIuYXV0aC5iYWNrZW5kcy5Nb2RlbEJhY2tlbmQiLCJfYXV0aF91c2VyX2hhc2giOiI2NDdjMTA5Yzc0OTVhNmU1MGU3ZGQ3MTU2YTIwMzk1MGU0NzQ4NzEwIiwiX3Nlc3Npb25fZXhwaXJ5IjowfQ==", "expire_date": "2020-06-18T22:04:29.482Z"}}, {"model": "sessions.session", "pk": "0jb8gqeuh5mmt8ff4y2wmq5xxw46m9wu", "fields": {"session_data": "YWEyZWNiN2NlZDkxOTQyODdjMGUzYWY3MzIyMDNmMzcyOGFiOGI3Zjp7Il9hdXRoX3VzZXJfaWQiOiIxMiIsIl9hdXRoX3VzZXJfYmFja2VuZCI6ImFsbGF1dGguYWNjb3VudC5hdXRoX2JhY2tlbmRzLkF1dGhlbnRpY2F0aW9uQmFja2VuZCIsIl9hdXRoX3VzZXJfaGFzaCI6IjIxMjcwODRlNjJmN2NiMGMzYWU0NGI4N2MyMzZkMTVhMGEyZmRjMzYifQ==", "expire_date": "2020-06-11T04:03:17.810Z"}}, {"model": "sessions.session", "pk": "0zvyvdi6t4gw8raofcendg1tiytj0dcs", "fields": {"session_data": "YzJiYmZmNmQzM2U3YTg1OTM5YTBiNDdiNjY4NTRhZDhlY2I3Y2RkODp7Il9hdXRoX3VzZXJfaWQiOiIxNyIsIl9hdXRoX3VzZXJfYmFja2VuZCI6ImRqYW5nby5jb250cmliLmF1dGguYmFja2VuZHMuTW9kZWxCYWNrZW5kIiwiX2F1dGhfdXNlcl9oYXNoIjoiNzcwZjEwYjZhNzQ5NTBkZWM0NGNmNGEyMjJlZDg0MjJmNmI5MTc1NyIsIl9zZXNzaW9uX2V4cGlyeSI6MH0=", "expire_date": "2020-06-19T02:08:52.646Z"}}, {"model": "sessions.session", "pk": "15m9o3ky3ahyl3jai6as6y0l1molbotf", "fields": {"session_data": "OTJjNTQ4MTFiNjNkZjAxZDMwMDlmYTViNDIwMzgxNDAzOGUxMDI4Nzp7Il9hdXRoX3VzZXJfaWQiOiI0IiwiX2F1dGhfdXNlcl9iYWNrZW5kIjoiZGphbmdvLmNvbnRyaWIuYXV0aC5iYWNrZW5kcy5Nb2RlbEJhY2tlbmQiLCJfYXV0aF91c2VyX2hhc2giOiI2NDdjMTA5Yzc0OTVhNmU1MGU3ZGQ3MTU2YTIwMzk1MGU0NzQ4NzEwIiwiX3Nlc3Npb25fZXhwaXJ5IjowfQ==", "expire_date": "2020-05-24T23:36:48.866Z"}}, {"model": "sessions.session", "pk": "29mc4deibyq0gffa8bmjl09fuqsz6hvg", "fields": {"session_data": "OTJjNTQ4MTFiNjNkZjAxZDMwMDlmYTViNDIwMzgxNDAzOGUxMDI4Nzp7Il9hdXRoX3VzZXJfaWQiOiI0IiwiX2F1dGhfdXNlcl9iYWNrZW5kIjoiZGphbmdvLmNvbnRyaWIuYXV0aC5iYWNrZW5kcy5Nb2RlbEJhY2tlbmQiLCJfYXV0aF91c2VyX2hhc2giOiI2NDdjMTA5Yzc0OTVhNmU1MGU3ZGQ3MTU2YTIwMzk1MGU0NzQ4NzEwIiwiX3Nlc3Npb25fZXhwaXJ5IjowfQ==", "expire_date": "2020-08-13T00:47:44.091Z"}}, {"model": "sessions.session", "pk": "2ho1areormvjy4ur4bt88dll14rzhvqz", "fields": {"session_data": "NmFjYTU1YjBjZDVjNWM5OTNiZDU3ZDlmYTY3OGVlNzViZDAzYzk4MTp7Il9hdXRoX3VzZXJfaWQiOiI0IiwiX2F1dGhfdXNlcl9iYWNrZW5kIjoiZGphbmdvLmNvbnRyaWIuYXV0aC5iYWNrZW5kcy5Nb2RlbEJhY2tlbmQiLCJfYXV0aF91c2VyX2hhc2giOiI2NDdjMTA5Yzc0OTVhNmU1MGU3ZGQ3MTU2YTIwMzk1MGU0NzQ4NzEwIn0=", "expire_date": "2020-06-23T01:20:24.038Z"}}, {"model": "sessions.session", "pk": "2svii90gzfrty230s13na2f24eega49x", "fields": {"session_data": "OTJjNTQ4MTFiNjNkZjAxZDMwMDlmYTViNDIwMzgxNDAzOGUxMDI4Nzp7Il9hdXRoX3VzZXJfaWQiOiI0IiwiX2F1dGhfdXNlcl9iYWNrZW5kIjoiZGphbmdvLmNvbnRyaWIuYXV0aC5iYWNrZW5kcy5Nb2RlbEJhY2tlbmQiLCJfYXV0aF91c2VyX2hhc2giOiI2NDdjMTA5Yzc0OTVhNmU1MGU3ZGQ3MTU2YTIwMzk1MGU0NzQ4NzEwIiwiX3Nlc3Npb25fZXhwaXJ5IjowfQ==", "expire_date": "2020-09-02T01:58:43.426Z"}}, {"model": "sessions.session", "pk": "2yvic7k8in56wpowskkusea5a1dhv8jx", "fields": {"session_data": "M2M3Mjg2ODAwYmMwZGQ3ZDAxNjEwYzdhNjkwOTc0YTM3ZGFiODYwZjp7ImFjY291bnRfdmVyaWZpZWRfZW1haWwiOm51bGwsImFjY291bnRfdXNlciI6InoiLCJfYXV0aF91c2VyX2lkIjoiMzUiLCJfYXV0aF91c2VyX2JhY2tlbmQiOiJhbGxhdXRoLmFjY291bnQuYXV0aF9iYWNrZW5kcy5BdXRoZW50aWNhdGlvbkJhY2tlbmQiLCJfYXV0aF91c2VyX2hhc2giOiIyNmQxNzVhMjVlMTZiN2YzZTdlYjc3YjQ3NjkzYmY4ZDU3NzlhNTM3In0=", "expire_date": "2020-08-13T22:28:40.371Z"}}, {"model": "sessions.session", "pk": "47g03qd0o5891isq8e4hws29nyh4k7fp", "fields": {"session_data": "NmFjYTU1YjBjZDVjNWM5OTNiZDU3ZDlmYTY3OGVlNzViZDAzYzk4MTp7Il9hdXRoX3VzZXJfaWQiOiI0IiwiX2F1dGhfdXNlcl9iYWNrZW5kIjoiZGphbmdvLmNvbnRyaWIuYXV0aC5iYWNrZW5kcy5Nb2RlbEJhY2tlbmQiLCJfYXV0aF91c2VyX2hhc2giOiI2NDdjMTA5Yzc0OTVhNmU1MGU3ZGQ3MTU2YTIwMzk1MGU0NzQ4NzEwIn0=", "expire_date": "2020-06-11T03:01:39.922Z"}}, {"model": "sessions.session", "pk": "49o8euxvhnwasv2w9cbcv7pa90ha7swc", "fields": {"session_data": "NTQ3ODA1MjdmMDQ5MTEwZmJhOTM5ODJmNDVkYTYwMjQ2NDljODk2NDp7InNvY2lhbGFjY291bnRfc3RhdGUiOlt7InByb2Nlc3MiOiJsb2dpbiIsInNjb3BlIjoiIiwiYXV0aF9wYXJhbXMiOiIifSwiRUd2aUFqVGhRbHBVIl0sIl9hdXRoX3VzZXJfaWQiOiIxIiwiX2F1dGhfdXNlcl9iYWNrZW5kIjoiZGphbmdvLmNvbnRyaWIuYXV0aC5iYWNrZW5kcy5Nb2RlbEJhY2tlbmQiLCJfYXV0aF91c2VyX2hhc2giOiIzYzMwYzA5NjU2OGIxM2IyZmEzMzllM2I2MWExMmQxYzRkNDAyYjNkIn0=", "expire_date": "2020-09-14T21:58:26.300Z"}}, {"model": "sessions.session", "pk": "4f7arg7df53f37krnnvo2bjuai14i8ft", "fields": {"session_data": "YzU5NTUxOWVhZTRkM2Q1YzQyNmI2ZTg2OWQxYjU4NmRlNmIxN2U1ZTp7Il9hdXRoX3VzZXJfaWQiOiI0IiwiX2F1dGhfdXNlcl9iYWNrZW5kIjoiYWxsYXV0aC5hY2NvdW50LmF1dGhfYmFja2VuZHMuQXV0aGVudGljYXRpb25CYWNrZW5kIiwiX2F1dGhfdXNlcl9oYXNoIjoiNjQ3YzEwOWM3NDk1YTZlNTBlN2RkNzE1NmEyMDM5NTBlNDc0ODcxMCIsIl9zZXNzaW9uX2V4cGlyeSI6MH0=", "expire_date": "2020-09-08T02:02:44.453Z"}}, {"model": "sessions.session", "pk": "4fo4eov21qfpgdg0lsyja1l7wp86c3dk", "fields": {"session_data": "NmFjYTU1YjBjZDVjNWM5OTNiZDU3ZDlmYTY3OGVlNzViZDAzYzk4MTp7Il9hdXRoX3VzZXJfaWQiOiI0IiwiX2F1dGhfdXNlcl9iYWNrZW5kIjoiZGphbmdvLmNvbnRyaWIuYXV0aC5iYWNrZW5kcy5Nb2RlbEJhY2tlbmQiLCJfYXV0aF91c2VyX2hhc2giOiI2NDdjMTA5Yzc0OTVhNmU1MGU3ZGQ3MTU2YTIwMzk1MGU0NzQ4NzEwIn0=", "expire_date": "2020-08-13T01:22:43.316Z"}}, {"model": "sessions.session", "pk": "4muqotaoqssoej8doxvtehz12iopptbq", "fields": {"session_data": "NmFjYTU1YjBjZDVjNWM5OTNiZDU3ZDlmYTY3OGVlNzViZDAzYzk4MTp7Il9hdXRoX3VzZXJfaWQiOiI0IiwiX2F1dGhfdXNlcl9iYWNrZW5kIjoiZGphbmdvLmNvbnRyaWIuYXV0aC5iYWNrZW5kcy5Nb2RlbEJhY2tlbmQiLCJfYXV0aF91c2VyX2hhc2giOiI2NDdjMTA5Yzc0OTVhNmU1MGU3ZGQ3MTU2YTIwMzk1MGU0NzQ4NzEwIn0=", "expire_date": "2020-06-09T02:34:50.661Z"}}, {"model": "sessions.session", "pk": "4muspjcatujvb28fhxkje34t6hdt475e", "fields": {"session_data": "OTJjNTQ4MTFiNjNkZjAxZDMwMDlmYTViNDIwMzgxNDAzOGUxMDI4Nzp7Il9hdXRoX3VzZXJfaWQiOiI0IiwiX2F1dGhfdXNlcl9iYWNrZW5kIjoiZGphbmdvLmNvbnRyaWIuYXV0aC5iYWNrZW5kcy5Nb2RlbEJhY2tlbmQiLCJfYXV0aF91c2VyX2hhc2giOiI2NDdjMTA5Yzc0OTVhNmU1MGU3ZGQ3MTU2YTIwMzk1MGU0NzQ4NzEwIiwiX3Nlc3Npb25fZXhwaXJ5IjowfQ==", "expire_date": "2020-03-28T23:27:17.592Z"}}, {"model": "sessions.session", "pk": "4w1yjrcd0hs4vkm8q6andkh5rl2rctdj", "fields": {"session_data": "OTJjNTQ4MTFiNjNkZjAxZDMwMDlmYTViNDIwMzgxNDAzOGUxMDI4Nzp7Il9hdXRoX3VzZXJfaWQiOiI0IiwiX2F1dGhfdXNlcl9iYWNrZW5kIjoiZGphbmdvLmNvbnRyaWIuYXV0aC5iYWNrZW5kcy5Nb2RlbEJhY2tlbmQiLCJfYXV0aF91c2VyX2hhc2giOiI2NDdjMTA5Yzc0OTVhNmU1MGU3ZGQ3MTU2YTIwMzk1MGU0NzQ4NzEwIiwiX3Nlc3Npb25fZXhwaXJ5IjowfQ==", "expire_date": "2020-06-18T20:57:12.789Z"}}, {"model": "sessions.session", "pk": "52y12ww8082lat5h2azjcyz5aj52o0dj", "fields": {"session_data": "OTJjNTQ4MTFiNjNkZjAxZDMwMDlmYTViNDIwMzgxNDAzOGUxMDI4Nzp7Il9hdXRoX3VzZXJfaWQiOiI0IiwiX2F1dGhfdXNlcl9iYWNrZW5kIjoiZGphbmdvLmNvbnRyaWIuYXV0aC5iYWNrZW5kcy5Nb2RlbEJhY2tlbmQiLCJfYXV0aF91c2VyX2hhc2giOiI2NDdjMTA5Yzc0OTVhNmU1MGU3ZGQ3MTU2YTIwMzk1MGU0NzQ4NzEwIiwiX3Nlc3Npb25fZXhwaXJ5IjowfQ==", "expire_date": "2020-07-27T02:28:03.970Z"}}, {"model": "sessions.session", "pk": "5bjn830qvoeojckscharzn8n195i19gq", "fields": {"session_data": "OTJjNTQ4MTFiNjNkZjAxZDMwMDlmYTViNDIwMzgxNDAzOGUxMDI4Nzp7Il9hdXRoX3VzZXJfaWQiOiI0IiwiX2F1dGhfdXNlcl9iYWNrZW5kIjoiZGphbmdvLmNvbnRyaWIuYXV0aC5iYWNrZW5kcy5Nb2RlbEJhY2tlbmQiLCJfYXV0aF91c2VyX2hhc2giOiI2NDdjMTA5Yzc0OTVhNmU1MGU3ZGQ3MTU2YTIwMzk1MGU0NzQ4NzEwIiwiX3Nlc3Npb25fZXhwaXJ5IjowfQ==", "expire_date": "2020-07-02T23:41:32.442Z"}}, {"model": "sessions.session", "pk": "6bzslsthm6y5muzbot13n5uqr6ld5wys", "fields": {"session_data": "OTJjNTQ4MTFiNjNkZjAxZDMwMDlmYTViNDIwMzgxNDAzOGUxMDI4Nzp7Il9hdXRoX3VzZXJfaWQiOiI0IiwiX2F1dGhfdXNlcl9iYWNrZW5kIjoiZGphbmdvLmNvbnRyaWIuYXV0aC5iYWNrZW5kcy5Nb2RlbEJhY2tlbmQiLCJfYXV0aF91c2VyX2hhc2giOiI2NDdjMTA5Yzc0OTVhNmU1MGU3ZGQ3MTU2YTIwMzk1MGU0NzQ4NzEwIiwiX3Nlc3Npb25fZXhwaXJ5IjowfQ==", "expire_date": "2020-06-23T02:56:17.053Z"}}, {"model": "sessions.session", "pk": "6nh2ygvdba2dls0eu2kcik2wwxipmtnv", "fields": {"session_data": "MzU5ZGM5ODU4NjFkMDA0YjFmZDljYzk3OWZiNmU2ZDRiMGU4YTYwYzp7ImFjY291bnRfdmVyaWZpZWRfZW1haWwiOm51bGwsImFjY291bnRfdXNlciI6InYiLCJfYXV0aF91c2VyX2lkIjoiMzEiLCJfYXV0aF91c2VyX2JhY2tlbmQiOiJhbGxhdXRoLmFjY291bnQuYXV0aF9iYWNrZW5kcy5BdXRoZW50aWNhdGlvbkJhY2tlbmQiLCJfYXV0aF91c2VyX2hhc2giOiI5NTJmODc4ZDY2MmUzMTAwNjIxNWI3ODBjMDA3MWEzODlhMDE5NmU5In0=", "expire_date": "2020-08-13T03:40:31.558Z"}}, {"model": "sessions.session", "pk": "6ts0snmdbbb1f0e73ywo34jogx8h2uqt", "fields": {"session_data": "OTJjNTQ4MTFiNjNkZjAxZDMwMDlmYTViNDIwMzgxNDAzOGUxMDI4Nzp7Il9hdXRoX3VzZXJfaWQiOiI0IiwiX2F1dGhfdXNlcl9iYWNrZW5kIjoiZGphbmdvLmNvbnRyaWIuYXV0aC5iYWNrZW5kcy5Nb2RlbEJhY2tlbmQiLCJfYXV0aF91c2VyX2hhc2giOiI2NDdjMTA5Yzc0OTVhNmU1MGU3ZGQ3MTU2YTIwMzk1MGU0NzQ4NzEwIiwiX3Nlc3Npb25fZXhwaXJ5IjowfQ==", "expire_date": "2020-06-23T01:24:14.977Z"}}, {"model": "sessions.session", "pk": "73hb0mmz5p5zpl5b2z8ehg2390f12wlt", "fields": {"session_data": "OTJjNTQ4MTFiNjNkZjAxZDMwMDlmYTViNDIwMzgxNDAzOGUxMDI4Nzp7Il9hdXRoX3VzZXJfaWQiOiI0IiwiX2F1dGhfdXNlcl9iYWNrZW5kIjoiZGphbmdvLmNvbnRyaWIuYXV0aC5iYWNrZW5kcy5Nb2RlbEJhY2tlbmQiLCJfYXV0aF91c2VyX2hhc2giOiI2NDdjMTA5Yzc0OTVhNmU1MGU3ZGQ3MTU2YTIwMzk1MGU0NzQ4NzEwIiwiX3Nlc3Npb25fZXhwaXJ5IjowfQ==", "expire_date": "2020-08-13T04:11:25.721Z"}}, {"model": "sessions.session", "pk": "7okqdudavirkppb4js6ka5hjhjt62gy8", "fields": {"session_data": "NmFjYTU1YjBjZDVjNWM5OTNiZDU3ZDlmYTY3OGVlNzViZDAzYzk4MTp7Il9hdXRoX3VzZXJfaWQiOiI0IiwiX2F1dGhfdXNlcl9iYWNrZW5kIjoiZGphbmdvLmNvbnRyaWIuYXV0aC5iYWNrZW5kcy5Nb2RlbEJhY2tlbmQiLCJfYXV0aF91c2VyX2hhc2giOiI2NDdjMTA5Yzc0OTVhNmU1MGU3ZGQ3MTU2YTIwMzk1MGU0NzQ4NzEwIn0=", "expire_date": "2020-08-07T01:51:29.994Z"}}, {"model": "sessions.session", "pk": "89tb0mwoiaeyv90mukhuwirl4lp80you", "fields": {"session_data": "MzZiN2JhZTQxNmFlYjgwMDgyNDBmZDlkOGE5Y2M4YWExMTYyZDY0ODp7Il9hdXRoX3VzZXJfaWQiOiIyOSIsIl9hdXRoX3VzZXJfYmFja2VuZCI6ImRqYW5nby5jb250cmliLmF1dGguYmFja2VuZHMuTW9kZWxCYWNrZW5kIiwiX2F1dGhfdXNlcl9oYXNoIjoiNWVjZWRhM2Q4MTg0ODRkOWQ2MGMwOGUzN2MyN2FjZGRjMGZhNTEyNSIsIl9zZXNzaW9uX2V4cGlyeSI6MH0=", "expire_date": "2020-08-13T02:17:25.363Z"}}, {"model": "sessions.session", "pk": "8k7v664o61p1qimvl36zmwufakon0fvd", "fields": {"session_data": "NjY3NDAwMzk2ZTVlY2I2YzcwOWViYjU0MmMzNjIyNzIzMWUxN2IwYzp7Il9hdXRoX3VzZXJfaWQiOiI3IiwiX2F1dGhfdXNlcl9iYWNrZW5kIjoiYWxsYXV0aC5hY2NvdW50LmF1dGhfYmFja2VuZHMuQXV0aGVudGljYXRpb25CYWNrZW5kIiwiX2F1dGhfdXNlcl9oYXNoIjoiZjRmYjBlODA3MzBhZTllOTA5ZTkzMjNmMGU3MzE5Mzk4MTZhZDIxOCJ9", "expire_date": "2020-06-11T03:00:47.645Z"}}, {"model": "sessions.session", "pk": "95z7sepwtqu8o4f7pp4d22ynbi8tjgfl", "fields": {"session_data": "YWViMDdkZjA1ZjdiMjY5Mjc5OGY2YWEzNzM0MGFhZDE0YWMwZTk5NDp7Il9hdXRoX3VzZXJfaWQiOiIzIiwiX2F1dGhfdXNlcl9iYWNrZW5kIjoiZGphbmdvLmNvbnRyaWIuYXV0aC5iYWNrZW5kcy5Nb2RlbEJhY2tlbmQiLCJfYXV0aF91c2VyX2hhc2giOiIzYTZhM2M5MmM3NDljMmVmYWM3MzVlNzk3NTBlMWRmNDBlOTIxNzBiIiwiX3Nlc3Npb25fZXhwaXJ5IjowfQ==", "expire_date": "2019-07-14T14:10:40.461Z"}}, {"model": "sessions.session", "pk": "979lkccmls1utlfdook9aq13so07m95x", "fields": {"session_data": "MzgxNmZjZDlmNjM1YzY5ZTAzYmViMzgyNjM0MTVkMGUzMWY1MWM4OTp7ImFjY291bnRfdmVyaWZpZWRfZW1haWwiOm51bGwsImFjY291bnRfdXNlciI6InciLCJfYXV0aF91c2VyX2lkIjoiMzIiLCJfYXV0aF91c2VyX2JhY2tlbmQiOiJhbGxhdXRoLmFjY291bnQuYXV0aF9iYWNrZW5kcy5BdXRoZW50aWNhdGlvbkJhY2tlbmQiLCJfYXV0aF91c2VyX2hhc2giOiIzMTA5Yzc0NTY5MDI5ZmY4MTJjODA5ZjhjMTQ5OWYwYjZhOTU1MDQyIn0=", "expire_date": "2020-08-13T03:47:21.950Z"}}, {"model": "sessions.session", "pk": "9a3wd9qe3m6rbmpbkel50irwazxhcobl", "fields": {"session_data": "N2U2YmYxYThkZTBiNTBhNGZkMThlMmIwYThhY2E3NDlkNDQwYTE5ZDp7Il9hdXRoX3VzZXJfaWQiOiI0IiwiX2F1dGhfdXNlcl9iYWNrZW5kIjoiZGphbmdvLmNvbnRyaWIuYXV0aC5iYWNrZW5kcy5Nb2RlbEJhY2tlbmQiLCJfYXV0aF91c2VyX2hhc2giOiI2NDdjMTA5Yzc0OTVhNmU1MGU3ZGQ3MTU2YTIwMzk1MGU0NzQ4NzEwIiwiX3Nlc3Npb25fZXhwaXJ5IjowLCJzb2NpYWxhY2NvdW50X3N0YXRlIjpbeyJuZXh0IjoiL2FkZC10by1jYXJ0L3BvdGF0b3dlZGdlcy8iLCJwcm9jZXNzIjoibG9naW4iLCJzY29wZSI6IiIsImF1dGhfcGFyYW1zIjoiIn0sImNUbDYzcHNVanIxSCJdfQ==", "expire_date": "2020-06-18T20:09:06.210Z"}}, {"model": "sessions.session", "pk": "9x53mgym92l0uk4fbjnqx48drho2baft", "fields": {"session_data": "OTJjNTQ4MTFiNjNkZjAxZDMwMDlmYTViNDIwMzgxNDAzOGUxMDI4Nzp7Il9hdXRoX3VzZXJfaWQiOiI0IiwiX2F1dGhfdXNlcl9iYWNrZW5kIjoiZGphbmdvLmNvbnRyaWIuYXV0aC5iYWNrZW5kcy5Nb2RlbEJhY2tlbmQiLCJfYXV0aF91c2VyX2hhc2giOiI2NDdjMTA5Yzc0OTVhNmU1MGU3ZGQ3MTU2YTIwMzk1MGU0NzQ4NzEwIiwiX3Nlc3Npb25fZXhwaXJ5IjowfQ==", "expire_date": "2020-06-19T04:12:00.322Z"}}, {"model": "sessions.session", "pk": "9x8pqgrj0tgyt8cgksikq4j5yyw2g3j4", "fields": {"session_data": "ZDExZmQzZTdlYTYzMzEzNmI4MTUwMmM3NDU1MGVjZWRjNDNjZTM0ODp7Il9hdXRoX3VzZXJfaWQiOiIxIiwiX2F1dGhfdXNlcl9iYWNrZW5kIjoiZGphbmdvLmNvbnRyaWIuYXV0aC5iYWNrZW5kcy5Nb2RlbEJhY2tlbmQiLCJfYXV0aF91c2VyX2hhc2giOiI1MjIwNjZiODkwMWM5NGQyYTA5MWNkN2IzOWE4NWUyMzBlODhjZjI3In0=", "expire_date": "2019-06-30T21:02:37.563Z"}}, {"model": "sessions.session", "pk": "9xxhy6w76thrh1xm7xkz16k1cdjhvsgk", "fields": {"session_data": "NmFjYTU1YjBjZDVjNWM5OTNiZDU3ZDlmYTY3OGVlNzViZDAzYzk4MTp7Il9hdXRoX3VzZXJfaWQiOiI0IiwiX2F1dGhfdXNlcl9iYWNrZW5kIjoiZGphbmdvLmNvbnRyaWIuYXV0aC5iYWNrZW5kcy5Nb2RlbEJhY2tlbmQiLCJfYXV0aF91c2VyX2hhc2giOiI2NDdjMTA5Yzc0OTVhNmU1MGU3ZGQ3MTU2YTIwMzk1MGU0NzQ4NzEwIn0=", "expire_date": "2020-08-12T23:51:02.597Z"}}, {"model": "sessions.session", "pk": "auiwamt00nz0v7hrps65i02sz87pjcak", "fields": {"session_data": "OTJjNTQ4MTFiNjNkZjAxZDMwMDlmYTViNDIwMzgxNDAzOGUxMDI4Nzp7Il9hdXRoX3VzZXJfaWQiOiI0IiwiX2F1dGhfdXNlcl9iYWNrZW5kIjoiZGphbmdvLmNvbnRyaWIuYXV0aC5iYWNrZW5kcy5Nb2RlbEJhY2tlbmQiLCJfYXV0aF91c2VyX2hhc2giOiI2NDdjMTA5Yzc0OTVhNmU1MGU3ZGQ3MTU2YTIwMzk1MGU0NzQ4NzEwIiwiX3Nlc3Npb25fZXhwaXJ5IjowfQ==", "expire_date": "2020-05-24T22:56:40.437Z"}}, {"model": "sessions.session", "pk": "bf7excmhmblomximge8gwpbsfa6czggt", "fields": {"session_data": "YWQxMzgyNmE4MWIxYTBkMDJiZmJlYWY3YTc2ZDNjZDcyYTQyMTUwOTp7InNvY2lhbGFjY291bnRfc3RhdGUiOlt7InByb2Nlc3MiOiJsb2dpbiIsInNjb3BlIjoiIiwiYXV0aF9wYXJhbXMiOiIifSwiUHozREpTV2QyZzV0Il19", "expire_date": "2020-06-18T23:15:36.316Z"}}, {"model": "sessions.session", "pk": "bnm02ps43ziljx5zuufgrw2gy2kbzvgy", "fields": {"session_data": "OWVhOGE3NzY1NDJkYjMyMDc4OTIxYWM5N2I2YjY4MDk0MzM1ZGJhNTp7InNvY2lhbGFjY291bnRfc3RhdGUiOlt7InByb2Nlc3MiOiJsb2dpbiIsInNjb3BlIjoiIiwiYXV0aF9wYXJhbXMiOiIifSwiNUJLbmREVnJiUXJ5Il0sIl9hdXRoX3VzZXJfaWQiOiI0IiwiX2F1dGhfdXNlcl9iYWNrZW5kIjoiZGphbmdvLmNvbnRyaWIuYXV0aC5iYWNrZW5kcy5Nb2RlbEJhY2tlbmQiLCJfYXV0aF91c2VyX2hhc2giOiI2NDdjMTA5Yzc0OTVhNmU1MGU3ZGQ3MTU2YTIwMzk1MGU0NzQ4NzEwIiwiX3Nlc3Npb25fZXhwaXJ5IjowfQ==", "expire_date": "2020-06-19T07:27:53.937Z"}}, {"model": "sessions.session", "pk": "bodqwr9g2pt5oz4g2gf1ntgjmhhc4j53", "fields": {"session_data": "OTJjNTQ4MTFiNjNkZjAxZDMwMDlmYTViNDIwMzgxNDAzOGUxMDI4Nzp7Il9hdXRoX3VzZXJfaWQiOiI0IiwiX2F1dGhfdXNlcl9iYWNrZW5kIjoiZGphbmdvLmNvbnRyaWIuYXV0aC5iYWNrZW5kcy5Nb2RlbEJhY2tlbmQiLCJfYXV0aF91c2VyX2hhc2giOiI2NDdjMTA5Yzc0OTVhNmU1MGU3ZGQ3MTU2YTIwMzk1MGU0NzQ4NzEwIiwiX3Nlc3Npb25fZXhwaXJ5IjowfQ==", "expire_date": "2020-06-28T22:49:51.007Z"}}, {"model": "sessions.session", "pk": "btgcm7q1jffngcju4spoduwgyx79fvu1", "fields": {"session_data": "NmFjYTU1YjBjZDVjNWM5OTNiZDU3ZDlmYTY3OGVlNzViZDAzYzk4MTp7Il9hdXRoX3VzZXJfaWQiOiI0IiwiX2F1dGhfdXNlcl9iYWNrZW5kIjoiZGphbmdvLmNvbnRyaWIuYXV0aC5iYWNrZW5kcy5Nb2RlbEJhY2tlbmQiLCJfYXV0aF91c2VyX2hhc2giOiI2NDdjMTA5Yzc0OTVhNmU1MGU3ZGQ3MTU2YTIwMzk1MGU0NzQ4NzEwIn0=", "expire_date": "2020-05-06T00:42:47.959Z"}}, {"model": "sessions.session", "pk": "bzyaw9tdcx7s2yud3mgcop2zwgefhv5s", "fields": {"session_data": "OTJjNTQ4MTFiNjNkZjAxZDMwMDlmYTViNDIwMzgxNDAzOGUxMDI4Nzp7Il9hdXRoX3VzZXJfaWQiOiI0IiwiX2F1dGhfdXNlcl9iYWNrZW5kIjoiZGphbmdvLmNvbnRyaWIuYXV0aC5iYWNrZW5kcy5Nb2RlbEJhY2tlbmQiLCJfYXV0aF91c2VyX2hhc2giOiI2NDdjMTA5Yzc0OTVhNmU1MGU3ZGQ3MTU2YTIwMzk1MGU0NzQ4NzEwIiwiX3Nlc3Npb25fZXhwaXJ5IjowfQ==", "expire_date": "2020-06-18T10:29:17.036Z"}}, {"model": "sessions.session", "pk": "c069hup3s0iz33c1q42gaxxt6vlmpfg6", "fields": {"session_data": "NmFjYTU1YjBjZDVjNWM5OTNiZDU3ZDlmYTY3OGVlNzViZDAzYzk4MTp7Il9hdXRoX3VzZXJfaWQiOiI0IiwiX2F1dGhfdXNlcl9iYWNrZW5kIjoiZGphbmdvLmNvbnRyaWIuYXV0aC5iYWNrZW5kcy5Nb2RlbEJhY2tlbmQiLCJfYXV0aF91c2VyX2hhc2giOiI2NDdjMTA5Yzc0OTVhNmU1MGU3ZGQ3MTU2YTIwMzk1MGU0NzQ4NzEwIn0=", "expire_date": "2020-06-11T02:10:41.001Z"}}, {"model": "sessions.session", "pk": "cgzdzgyghv2um5xgqktyc7lh7ublyfqa", "fields": {"session_data": "OTJjNTQ4MTFiNjNkZjAxZDMwMDlmYTViNDIwMzgxNDAzOGUxMDI4Nzp7Il9hdXRoX3VzZXJfaWQiOiI0IiwiX2F1dGhfdXNlcl9iYWNrZW5kIjoiZGphbmdvLmNvbnRyaWIuYXV0aC5iYWNrZW5kcy5Nb2RlbEJhY2tlbmQiLCJfYXV0aF91c2VyX2hhc2giOiI2NDdjMTA5Yzc0OTVhNmU1MGU3ZGQ3MTU2YTIwMzk1MGU0NzQ4NzEwIiwiX3Nlc3Npb25fZXhwaXJ5IjowfQ==", "expire_date": "2020-09-01T23:34:53.732Z"}}, {"model": "sessions.session", "pk": "dt4gz25p6xnq3o8f8benqo04pie9uy5e", "fields": {"session_data": "OTJjNTQ4MTFiNjNkZjAxZDMwMDlmYTViNDIwMzgxNDAzOGUxMDI4Nzp7Il9hdXRoX3VzZXJfaWQiOiI0IiwiX2F1dGhfdXNlcl9iYWNrZW5kIjoiZGphbmdvLmNvbnRyaWIuYXV0aC5iYWNrZW5kcy5Nb2RlbEJhY2tlbmQiLCJfYXV0aF91c2VyX2hhc2giOiI2NDdjMTA5Yzc0OTVhNmU1MGU3ZGQ3MTU2YTIwMzk1MGU0NzQ4NzEwIiwiX3Nlc3Npb25fZXhwaXJ5IjowfQ==", "expire_date": "2020-06-23T01:10:09.293Z"}}, {"model": "sessions.session", "pk": "e2f6jk2r8unnq3rwsdduasp3m3wl9ewj", "fields": {"session_data": "OTJjNTQ4MTFiNjNkZjAxZDMwMDlmYTViNDIwMzgxNDAzOGUxMDI4Nzp7Il9hdXRoX3VzZXJfaWQiOiI0IiwiX2F1dGhfdXNlcl9iYWNrZW5kIjoiZGphbmdvLmNvbnRyaWIuYXV0aC5iYWNrZW5kcy5Nb2RlbEJhY2tlbmQiLCJfYXV0aF91c2VyX2hhc2giOiI2NDdjMTA5Yzc0OTVhNmU1MGU3ZGQ3MTU2YTIwMzk1MGU0NzQ4NzEwIiwiX3Nlc3Npb25fZXhwaXJ5IjowfQ==", "expire_date": "2020-06-18T20:11:37.253Z"}}, {"model": "sessions.session", "pk": "eaxt9p1dwgketrob9tdd94hyi6tkp84l", "fields": {"session_data": "OTJjNTQ4MTFiNjNkZjAxZDMwMDlmYTViNDIwMzgxNDAzOGUxMDI4Nzp7Il9hdXRoX3VzZXJfaWQiOiI0IiwiX2F1dGhfdXNlcl9iYWNrZW5kIjoiZGphbmdvLmNvbnRyaWIuYXV0aC5iYWNrZW5kcy5Nb2RlbEJhY2tlbmQiLCJfYXV0aF91c2VyX2hhc2giOiI2NDdjMTA5Yzc0OTVhNmU1MGU3ZGQ3MTU2YTIwMzk1MGU0NzQ4NzEwIiwiX3Nlc3Npb25fZXhwaXJ5IjowfQ==", "expire_date": "2020-06-09T05:34:25.966Z"}}, {"model": "sessions.session", "pk": "efw6uah9kmqsunfoo8hl65ikobjw2fra", "fields": {"session_data": "MGMzYTk0ZTFmNDM5ZjQ1YjZhOWUwYWZkZjYxY2QzMGMzMTUwZTQ1MDp7InNvY2lhbGFjY291bnRfc3RhdGUiOlt7InByb2Nlc3MiOiJsb2dpbiIsInNjb3BlIjoiIiwiYXV0aF9wYXJhbXMiOiIifSwidTFydXNldzBodlpxIl19", "expire_date": "2020-06-11T02:03:36.634Z"}}, {"model": "sessions.session", "pk": "evt3zthv15l7igwyj0k2lah9aaqn8i7y", "fields": {"session_data": "NTEwY2E1N2UxZjg1N2IyOWM0YTFjNTE3YWE1ZTg5NGI5YWYxYzFlZDp7InNvY2lhbGFjY291bnRfc3RhdGUiOlt7InByb2Nlc3MiOiJsb2dpbiIsInNjb3BlIjoiIiwiYXV0aF9wYXJhbXMiOiIifSwiTzB4eVUxa2tiTFJhIl0sIl9hdXRoX3VzZXJfaWQiOiI0IiwiX2F1dGhfdXNlcl9iYWNrZW5kIjoiZGphbmdvLmNvbnRyaWIuYXV0aC5iYWNrZW5kcy5Nb2RlbEJhY2tlbmQiLCJfYXV0aF91c2VyX2hhc2giOiI2NDdjMTA5Yzc0OTVhNmU1MGU3ZGQ3MTU2YTIwMzk1MGU0NzQ4NzEwIiwiX3Nlc3Npb25fZXhwaXJ5IjowfQ==", "expire_date": "2020-06-18T23:16:05.665Z"}}, {"model": "sessions.session", "pk": "f84a2fb3ree1ibijkh9nx2jc879auuww", "fields": {"session_data": "OTJjNTQ4MTFiNjNkZjAxZDMwMDlmYTViNDIwMzgxNDAzOGUxMDI4Nzp7Il9hdXRoX3VzZXJfaWQiOiI0IiwiX2F1dGhfdXNlcl9iYWNrZW5kIjoiZGphbmdvLmNvbnRyaWIuYXV0aC5iYWNrZW5kcy5Nb2RlbEJhY2tlbmQiLCJfYXV0aF91c2VyX2hhc2giOiI2NDdjMTA5Yzc0OTVhNmU1MGU3ZGQ3MTU2YTIwMzk1MGU0NzQ4NzEwIiwiX3Nlc3Npb25fZXhwaXJ5IjowfQ==", "expire_date": "2020-04-09T00:39:13.962Z"}}, {"model": "sessions.session", "pk": "g7yuc33c359ebsyxrjti7dopz21iinjj", "fields": {"session_data": "OTJjNTQ4MTFiNjNkZjAxZDMwMDlmYTViNDIwMzgxNDAzOGUxMDI4Nzp7Il9hdXRoX3VzZXJfaWQiOiI0IiwiX2F1dGhfdXNlcl9iYWNrZW5kIjoiZGphbmdvLmNvbnRyaWIuYXV0aC5iYWNrZW5kcy5Nb2RlbEJhY2tlbmQiLCJfYXV0aF91c2VyX2hhc2giOiI2NDdjMTA5Yzc0OTVhNmU1MGU3ZGQ3MTU2YTIwMzk1MGU0NzQ4NzEwIiwiX3Nlc3Npb25fZXhwaXJ5IjowfQ==", "expire_date": "2020-04-04T01:00:33.766Z"}}, {"model": "sessions.session", "pk": "gxhykfdy5aguzik9ctg17qcvxdx57lv1", "fields": {"session_data": "NmFjYTU1YjBjZDVjNWM5OTNiZDU3ZDlmYTY3OGVlNzViZDAzYzk4MTp7Il9hdXRoX3VzZXJfaWQiOiI0IiwiX2F1dGhfdXNlcl9iYWNrZW5kIjoiZGphbmdvLmNvbnRyaWIuYXV0aC5iYWNrZW5kcy5Nb2RlbEJhY2tlbmQiLCJfYXV0aF91c2VyX2hhc2giOiI2NDdjMTA5Yzc0OTVhNmU1MGU3ZGQ3MTU2YTIwMzk1MGU0NzQ4NzEwIn0=", "expire_date": "2020-07-06T05:46:40.960Z"}}, {"model": "sessions.session", "pk": "h8zixfxv74z83846kahdljiz1pwnaz2q", "fields": {"session_data": "MDdiNjZmNWRlMWJiMTk5YjdhOGQ2YzcwZmNkMDE0MmViODVhZTdhMDp7InNvY2lhbGFjY291bnRfc3RhdGUiOlt7InByb2Nlc3MiOiJsb2dpbiIsInNjb3BlIjoiIiwiYXV0aF9wYXJhbXMiOiIifSwiV0w3aUVkd3Mwck5OIl19", "expire_date": "2020-08-18T01:02:20.076Z"}}, {"model": "sessions.session", "pk": "i3cvisenh11d9t8zo5453jxihn5w31r5", "fields": {"session_data": "NjY3NDAwMzk2ZTVlY2I2YzcwOWViYjU0MmMzNjIyNzIzMWUxN2IwYzp7Il9hdXRoX3VzZXJfaWQiOiI3IiwiX2F1dGhfdXNlcl9iYWNrZW5kIjoiYWxsYXV0aC5hY2NvdW50LmF1dGhfYmFja2VuZHMuQXV0aGVudGljYXRpb25CYWNrZW5kIiwiX2F1dGhfdXNlcl9oYXNoIjoiZjRmYjBlODA3MzBhZTllOTA5ZTkzMjNmMGU3MzE5Mzk4MTZhZDIxOCJ9", "expire_date": "2020-09-14T08:26:46.741Z"}}, {"model": "sessions.session", "pk": "jmzn6w91rlqu6tcqizkzdw0do4oaufb4", "fields": {"session_data": "MmVmNDcyY2I3MTY5ODRiMjk1NTJlYzZmMmZiMDk4MDViMTIzMzE2MDp7InNvY2lhbGFjY291bnRfc3RhdGUiOlt7InByb2Nlc3MiOiJsb2dpbiIsInNjb3BlIjoiIiwiYXV0aF9wYXJhbXMiOiIifSwiZUJWamhzdjQwVG5aIl19", "expire_date": "2020-06-11T03:59:36.226Z"}}, {"model": "sessions.session", "pk": "ju1s67t5kt44u1ryqkmtlkl7ozf2sy5z", "fields": {"session_data": "MzdhNmMxNTNkMDI4YTUwODg2NzZmZTBlMDQ0YjhmZTQ2NGFkNjA0ZDp7ImFjY291bnRfdmVyaWZpZWRfZW1haWwiOm51bGwsImFjY291bnRfdXNlciI6IngiLCJfYXV0aF91c2VyX2lkIjoiMzMiLCJfYXV0aF91c2VyX2JhY2tlbmQiOiJhbGxhdXRoLmFjY291bnQuYXV0aF9iYWNrZW5kcy5BdXRoZW50aWNhdGlvbkJhY2tlbmQiLCJfYXV0aF91c2VyX2hhc2giOiI0MzNkMjE4YjJhMDQ1MGM2MWIxZDI3NWY3ZGJlNDBmNDhlYmNlNTNkIn0=", "expire_date": "2020-08-13T03:47:51.852Z"}}, {"model": "sessions.session", "pk": "ki2pmue5c68zq1e6nwq78lpvsjxyq0ks", "fields": {"session_data": "ZWI2MzBmOTI5ZmEzZWQxMmZhOTIzMTk0NGIzMDZjOTg4NWE1OTZkYTp7InNvY2lhbGFjY291bnRfc3RhdGUiOlt7InByb2Nlc3MiOiJsb2dpbiIsInNjb3BlIjoiIiwiYXV0aF9wYXJhbXMiOiIifSwiaVd1aGNPakMzR1VuIl19", "expire_date": "2020-09-14T08:25:48.521Z"}}, {"model": "sessions.session", "pk": "l06r5b0qy5fbpz8zninypakvt7butd0y", "fields": {"session_data": "ZGUzOGE3NTE1MDNiZmMwMzk2OTRlODQzYTU2Mzc1ODA4ZWRhNGEyNDp7InNvY2lhbGFjY291bnRfc3RhdGUiOlt7InByb2Nlc3MiOiJsb2dpbiIsInNjb3BlIjoiIiwiYXV0aF9wYXJhbXMiOiIifSwiUmRCemNrd0Z3WW54Il19", "expire_date": "2020-06-09T02:33:17.546Z"}}, {"model": "sessions.session", "pk": "lkw1yveyup8pltyc711545w45ry3a2xt", "fields": {"session_data": "NmFjYTU1YjBjZDVjNWM5OTNiZDU3ZDlmYTY3OGVlNzViZDAzYzk4MTp7Il9hdXRoX3VzZXJfaWQiOiI0IiwiX2F1dGhfdXNlcl9iYWNrZW5kIjoiZGphbmdvLmNvbnRyaWIuYXV0aC5iYWNrZW5kcy5Nb2RlbEJhY2tlbmQiLCJfYXV0aF91c2VyX2hhc2giOiI2NDdjMTA5Yzc0OTVhNmU1MGU3ZGQ3MTU2YTIwMzk1MGU0NzQ4NzEwIn0=", "expire_date": "2020-07-02T21:06:39.395Z"}}, {"model": "sessions.session", "pk": "ltcf9izs0tdhxwpkq3ycw1jf5cva3stj", "fields": {"session_data": "OTJjNTQ4MTFiNjNkZjAxZDMwMDlmYTViNDIwMzgxNDAzOGUxMDI4Nzp7Il9hdXRoX3VzZXJfaWQiOiI0IiwiX2F1dGhfdXNlcl9iYWNrZW5kIjoiZGphbmdvLmNvbnRyaWIuYXV0aC5iYWNrZW5kcy5Nb2RlbEJhY2tlbmQiLCJfYXV0aF91c2VyX2hhc2giOiI2NDdjMTA5Yzc0OTVhNmU1MGU3ZGQ3MTU2YTIwMzk1MGU0NzQ4NzEwIiwiX3Nlc3Npb25fZXhwaXJ5IjowfQ==", "expire_date": "2020-08-14T00:59:22.896Z"}}, {"model": "sessions.session", "pk": "m8pc8p24kkdq29wjm24bp9pbt7767hyu", "fields": {"session_data": "MzBkYTgxOGI4MTk2Yjk0ODZlODRmYmVlOWZiMmY3NjdhZjZmZGM3ODp7InNvY2lhbGFjY291bnRfc3RhdGUiOlt7InByb2Nlc3MiOiJsb2dpbiIsInNjb3BlIjoiIiwiYXV0aF9wYXJhbXMiOiIifSwiaHNVbjBBQ2RlMW9zIl19", "expire_date": "2020-06-18T10:20:25.611Z"}}, {"model": "sessions.session", "pk": "mn9852rjscvmcyntie7q8a50wws6yrt4", "fields": {"session_data": "NmFjYTU1YjBjZDVjNWM5OTNiZDU3ZDlmYTY3OGVlNzViZDAzYzk4MTp7Il9hdXRoX3VzZXJfaWQiOiI0IiwiX2F1dGhfdXNlcl9iYWNrZW5kIjoiZGphbmdvLmNvbnRyaWIuYXV0aC5iYWNrZW5kcy5Nb2RlbEJhY2tlbmQiLCJfYXV0aF91c2VyX2hhc2giOiI2NDdjMTA5Yzc0OTVhNmU1MGU3ZGQ3MTU2YTIwMzk1MGU0NzQ4NzEwIn0=", "expire_date": "2020-06-11T02:05:36.928Z"}}, {"model": "sessions.session", "pk": "moat5ab0jct9d1d9u7arb4skuw5h74uy", "fields": {"session_data": "OTJjNTQ4MTFiNjNkZjAxZDMwMDlmYTViNDIwMzgxNDAzOGUxMDI4Nzp7Il9hdXRoX3VzZXJfaWQiOiI0IiwiX2F1dGhfdXNlcl9iYWNrZW5kIjoiZGphbmdvLmNvbnRyaWIuYXV0aC5iYWNrZW5kcy5Nb2RlbEJhY2tlbmQiLCJfYXV0aF91c2VyX2hhc2giOiI2NDdjMTA5Yzc0OTVhNmU1MGU3ZGQ3MTU2YTIwMzk1MGU0NzQ4NzEwIiwiX3Nlc3Npb25fZXhwaXJ5IjowfQ==", "expire_date": "2020-09-02T00:15:50.092Z"}}, {"model": "sessions.session", "pk": "mpqovdqvgtjffdt60twqlv6fo4n1rrzn", "fields": {"session_data": "OTJjNTQ4MTFiNjNkZjAxZDMwMDlmYTViNDIwMzgxNDAzOGUxMDI4Nzp7Il9hdXRoX3VzZXJfaWQiOiI0IiwiX2F1dGhfdXNlcl9iYWNrZW5kIjoiZGphbmdvLmNvbnRyaWIuYXV0aC5iYWNrZW5kcy5Nb2RlbEJhY2tlbmQiLCJfYXV0aF91c2VyX2hhc2giOiI2NDdjMTA5Yzc0OTVhNmU1MGU3ZGQ3MTU2YTIwMzk1MGU0NzQ4NzEwIiwiX3Nlc3Npb25fZXhwaXJ5IjowfQ==", "expire_date": "2020-06-19T04:42:03.526Z"}}, {"model": "sessions.session", "pk": "na1102fnq9a5x3kpvy96bvfthbjqph4q", "fields": {"session_data": "NjY3NDAwMzk2ZTVlY2I2YzcwOWViYjU0MmMzNjIyNzIzMWUxN2IwYzp7Il9hdXRoX3VzZXJfaWQiOiI3IiwiX2F1dGhfdXNlcl9iYWNrZW5kIjoiYWxsYXV0aC5hY2NvdW50LmF1dGhfYmFja2VuZHMuQXV0aGVudGljYXRpb25CYWNrZW5kIiwiX2F1dGhfdXNlcl9oYXNoIjoiZjRmYjBlODA3MzBhZTllOTA5ZTkzMjNmMGU3MzE5Mzk4MTZhZDIxOCJ9", "expire_date": "2020-06-09T05:34:50.211Z"}}, {"model": "sessions.session", "pk": "nycieax8flk0n0ystq7niq0mcj9i3nuh", "fields": {"session_data": "NjY3NDAwMzk2ZTVlY2I2YzcwOWViYjU0MmMzNjIyNzIzMWUxN2IwYzp7Il9hdXRoX3VzZXJfaWQiOiI3IiwiX2F1dGhfdXNlcl9iYWNrZW5kIjoiYWxsYXV0aC5hY2NvdW50LmF1dGhfYmFja2VuZHMuQXV0aGVudGljYXRpb25CYWNrZW5kIiwiX2F1dGhfdXNlcl9oYXNoIjoiZjRmYjBlODA3MzBhZTllOTA5ZTkzMjNmMGU3MzE5Mzk4MTZhZDIxOCJ9", "expire_date": "2020-06-11T04:19:34.688Z"}}, {"model": "sessions.session", "pk": "oxckjmh2c23hcype5vgwmcr7b24kpru2", "fields": {"session_data": "OWM2NmRlZWU1MTQ2MTJmOTIwMWM5ZWNjMzIxOTQ0Mzk5YWEzOWI2ZTp7ImFjY291bnRfdmVyaWZpZWRfZW1haWwiOm51bGwsImFjY291bnRfdXNlciI6InMiLCJfYXV0aF91c2VyX2lkIjoiMjgiLCJfYXV0aF91c2VyX2JhY2tlbmQiOiJhbGxhdXRoLmFjY291bnQuYXV0aF9iYWNrZW5kcy5BdXRoZW50aWNhdGlvbkJhY2tlbmQiLCJfYXV0aF91c2VyX2hhc2giOiJiMWYzYWYyYzliYjU0ZWQ4ZjA0YWI1ZWNhMDc0MjhlNzg5NGViMzg1In0=", "expire_date": "2020-08-13T00:39:18.139Z"}}, {"model": "sessions.session", "pk": "q5dnsgtqt196bzydufuqesot1ygkyvwv", "fields": {"session_data": "YmIyNDA4NTY0ZTdmM2IyNjU1Yzc1Zjg0MDBjNDBmODAyNmY0MGI2ZTp7ImFjY291bnRfdmVyaWZpZWRfZW1haWwiOm51bGwsIl9hdXRoX3VzZXJfaWQiOiIxMCIsIl9hdXRoX3VzZXJfYmFja2VuZCI6ImFsbGF1dGguYWNjb3VudC5hdXRoX2JhY2tlbmRzLkF1dGhlbnRpY2F0aW9uQmFja2VuZCIsIl9hdXRoX3VzZXJfaGFzaCI6ImI5NDc1M2I0MTMzNWNmMTMzMjFhMWVlMGEwMmU5MGIxMTFhNWIyNTEifQ==", "expire_date": "2020-06-09T02:34:37.766Z"}}, {"model": "sessions.session", "pk": "qg298i40m7xpqv7smuoh9balcmtwdwfs", "fields": {"session_data": "OTJjNTQ4MTFiNjNkZjAxZDMwMDlmYTViNDIwMzgxNDAzOGUxMDI4Nzp7Il9hdXRoX3VzZXJfaWQiOiI0IiwiX2F1dGhfdXNlcl9iYWNrZW5kIjoiZGphbmdvLmNvbnRyaWIuYXV0aC5iYWNrZW5kcy5Nb2RlbEJhY2tlbmQiLCJfYXV0aF91c2VyX2hhc2giOiI2NDdjMTA5Yzc0OTVhNmU1MGU3ZGQ3MTU2YTIwMzk1MGU0NzQ4NzEwIiwiX3Nlc3Npb25fZXhwaXJ5IjowfQ==", "expire_date": "2020-06-23T03:09:29.942Z"}}, {"model": "sessions.session", "pk": "qghyr8rwq2rdh1pbgh2j1ocucp73yzmr", "fields": {"session_data": "OTJjNTQ4MTFiNjNkZjAxZDMwMDlmYTViNDIwMzgxNDAzOGUxMDI4Nzp7Il9hdXRoX3VzZXJfaWQiOiI0IiwiX2F1dGhfdXNlcl9iYWNrZW5kIjoiZGphbmdvLmNvbnRyaWIuYXV0aC5iYWNrZW5kcy5Nb2RlbEJhY2tlbmQiLCJfYXV0aF91c2VyX2hhc2giOiI2NDdjMTA5Yzc0OTVhNmU1MGU3ZGQ3MTU2YTIwMzk1MGU0NzQ4NzEwIiwiX3Nlc3Npb25fZXhwaXJ5IjowfQ==", "expire_date": "2020-08-13T05:47:54.897Z"}}, {"model": "sessions.session", "pk": "qhj2koyyiiu8rijh6we46fils7jfg6xy", "fields": {"session_data": "YjI2MTYwMzAzNGMzMzgxNWY0ZjJkY2RmMGNhYjhlMTYyMDFhOWQwNDp7ImFjY291bnRfdmVyaWZpZWRfZW1haWwiOm51bGwsImFjY291bnRfdXNlciI6InQiLCJfYXV0aF91c2VyX2lkIjoiMjkiLCJfYXV0aF91c2VyX2JhY2tlbmQiOiJhbGxhdXRoLmFjY291bnQuYXV0aF9iYWNrZW5kcy5BdXRoZW50aWNhdGlvbkJhY2tlbmQiLCJfYXV0aF91c2VyX2hhc2giOiI1ZWNlZGEzZDgxODQ4NGQ5ZDYwYzA4ZTM3YzI3YWNkZGMwZmE1MTI1In0=", "expire_date": "2020-08-13T02:07:51.915Z"}}, {"model": "sessions.session", "pk": "qipcum88kdugkdrl3c9xp8s72pzzr8rq", "fields": {"session_data": "OTJjNTQ4MTFiNjNkZjAxZDMwMDlmYTViNDIwMzgxNDAzOGUxMDI4Nzp7Il9hdXRoX3VzZXJfaWQiOiI0IiwiX2F1dGhfdXNlcl9iYWNrZW5kIjoiZGphbmdvLmNvbnRyaWIuYXV0aC5iYWNrZW5kcy5Nb2RlbEJhY2tlbmQiLCJfYXV0aF91c2VyX2hhc2giOiI2NDdjMTA5Yzc0OTVhNmU1MGU3ZGQ3MTU2YTIwMzk1MGU0NzQ4NzEwIiwiX3Nlc3Npb25fZXhwaXJ5IjowfQ==", "expire_date": "2020-07-24T09:43:45.661Z"}}, {"model": "sessions.session", "pk": "r307sjvy981na0iugvwhadpd8g4zbal8", "fields": {"session_data": "OTJjNTQ4MTFiNjNkZjAxZDMwMDlmYTViNDIwMzgxNDAzOGUxMDI4Nzp7Il9hdXRoX3VzZXJfaWQiOiI0IiwiX2F1dGhfdXNlcl9iYWNrZW5kIjoiZGphbmdvLmNvbnRyaWIuYXV0aC5iYWNrZW5kcy5Nb2RlbEJhY2tlbmQiLCJfYXV0aF91c2VyX2hhc2giOiI2NDdjMTA5Yzc0OTVhNmU1MGU3ZGQ3MTU2YTIwMzk1MGU0NzQ4NzEwIiwiX3Nlc3Npb25fZXhwaXJ5IjowfQ==", "expire_date": "2020-06-18T20:09:49.512Z"}}, {"model": "sessions.session", "pk": "rcub53v1y0cc2a9aqp0koj6k5rzwkx8k", "fields": {"session_data": "NjY3NDAwMzk2ZTVlY2I2YzcwOWViYjU0MmMzNjIyNzIzMWUxN2IwYzp7Il9hdXRoX3VzZXJfaWQiOiI3IiwiX2F1dGhfdXNlcl9iYWNrZW5kIjoiYWxsYXV0aC5hY2NvdW50LmF1dGhfYmFja2VuZHMuQXV0aGVudGljYXRpb25CYWNrZW5kIiwiX2F1dGhfdXNlcl9oYXNoIjoiZjRmYjBlODA3MzBhZTllOTA5ZTkzMjNmMGU3MzE5Mzk4MTZhZDIxOCJ9", "expire_date": "2020-09-15T02:20:32.907Z"}}, {"model": "sessions.session", "pk": "rkro4ykwwolcmwxzv0sxm9erv33bbztg", "fields": {"session_data": "NmFjYTU1YjBjZDVjNWM5OTNiZDU3ZDlmYTY3OGVlNzViZDAzYzk4MTp7Il9hdXRoX3VzZXJfaWQiOiI0IiwiX2F1dGhfdXNlcl9iYWNrZW5kIjoiZGphbmdvLmNvbnRyaWIuYXV0aC5iYWNrZW5kcy5Nb2RlbEJhY2tlbmQiLCJfYXV0aF91c2VyX2hhc2giOiI2NDdjMTA5Yzc0OTVhNmU1MGU3ZGQ3MTU2YTIwMzk1MGU0NzQ4NzEwIn0=", "expire_date": "2020-04-20T00:02:43.257Z"}}, {"model": "sessions.session", "pk": "sfog3g7p6ejfw8fzndtrfpqwtwusstex", "fields": {"session_data": "NzY2MTgzNjJmMmJmNGU0NDkzZTU2MTQzMmRhZTBmNjIyYzJhNTgwMzp7Il9hdXRoX3VzZXJfaWQiOiIzNCIsIl9hdXRoX3VzZXJfYmFja2VuZCI6ImRqYW5nby5jb250cmliLmF1dGguYmFja2VuZHMuTW9kZWxCYWNrZW5kIiwiX2F1dGhfdXNlcl9oYXNoIjoiMDYxZDRmY2ViMzk0ZTk4ZTAwMThmOWM3MzY2NjhiNGUyMDhmNjRiMyIsIl9zZXNzaW9uX2V4cGlyeSI6MH0=", "expire_date": "2020-08-13T22:30:35.560Z"}}, {"model": "sessions.session", "pk": "t064bggjmxoqwdn3ocualohmk000vhue", "fields": {"session_data": "MmZkMGZhNDdhZDk4YzdlY2ZiMmJjNzBjYWU5ZTQyOTI0MzczYjMyZTp7InNvY2lhbGFjY291bnRfc3RhdGUiOlt7InByb2Nlc3MiOiJsb2dpbiIsInNjb3BlIjoiIiwiYXV0aF9wYXJhbXMiOiIifSwia04zSndHbEw3NUxlIl0sIl9hdXRoX3VzZXJfaWQiOiI0IiwiX2F1dGhfdXNlcl9iYWNrZW5kIjoiZGphbmdvLmNvbnRyaWIuYXV0aC5iYWNrZW5kcy5Nb2RlbEJhY2tlbmQiLCJfYXV0aF91c2VyX2hhc2giOiI2NDdjMTA5Yzc0OTVhNmU1MGU3ZGQ3MTU2YTIwMzk1MGU0NzQ4NzEwIiwiX3Nlc3Npb25fZXhwaXJ5IjowfQ==", "expire_date": "2020-08-14T02:36:11.643Z"}}, {"model": "sessions.session", "pk": "tazpt5a101s9dq88bjhrvsy10wqj0wqs", "fields": {"session_data": "OTJjNTQ4MTFiNjNkZjAxZDMwMDlmYTViNDIwMzgxNDAzOGUxMDI4Nzp7Il9hdXRoX3VzZXJfaWQiOiI0IiwiX2F1dGhfdXNlcl9iYWNrZW5kIjoiZGphbmdvLmNvbnRyaWIuYXV0aC5iYWNrZW5kcy5Nb2RlbEJhY2tlbmQiLCJfYXV0aF91c2VyX2hhc2giOiI2NDdjMTA5Yzc0OTVhNmU1MGU3ZGQ3MTU2YTIwMzk1MGU0NzQ4NzEwIiwiX3Nlc3Npb25fZXhwaXJ5IjowfQ==", "expire_date": "2020-09-07T07:03:10.618Z"}}, {"model": "sessions.session", "pk": "tl5znkmngtwbrig3w3wq33k3pwms0ntp", "fields": {"session_data": "NjFhM2Y4OWFjZjUwOGFlZDU1MDhlNzFmMTkzOGZlMDRkOWI0Yzc2MTp7Il9hdXRoX3VzZXJfaWQiOiIyNyIsIl9hdXRoX3VzZXJfYmFja2VuZCI6ImRqYW5nby5jb250cmliLmF1dGguYmFja2VuZHMuTW9kZWxCYWNrZW5kIiwiX2F1dGhfdXNlcl9oYXNoIjoiMGUyMThlM2M4YjlkOGFiNDg5N2Q3MjllYzAxZWQ2ODFiOGJlNzQ4NyIsIl9zZXNzaW9uX2V4cGlyeSI6MH0=", "expire_date": "2020-08-13T00:36:41.669Z"}}, {"model": "sessions.session", "pk": "trmwe48tngz6098d4wvp1p1iy3d3jlea", "fields": {"session_data": "NTc5ODU3YzA5ODFlNzFiY2NiMmQ4MTk5NTFlNDY0YWE4OTNlNTA3Yzp7InNvY2lhbGFjY291bnRfc3RhdGUiOlt7InByb2Nlc3MiOiJsb2dpbiIsInNjb3BlIjoiIiwiYXV0aF9wYXJhbXMiOiIifSwiMWpzS3pTeVpSNkxOIl19", "expire_date": "2020-06-18T10:17:48.966Z"}}, {"model": "sessions.session", "pk": "tse46nzgcas45ojm5melsl7zyavy1qsy", "fields": {"session_data": "OTJjNTQ4MTFiNjNkZjAxZDMwMDlmYTViNDIwMzgxNDAzOGUxMDI4Nzp7Il9hdXRoX3VzZXJfaWQiOiI0IiwiX2F1dGhfdXNlcl9iYWNrZW5kIjoiZGphbmdvLmNvbnRyaWIuYXV0aC5iYWNrZW5kcy5Nb2RlbEJhY2tlbmQiLCJfYXV0aF91c2VyX2hhc2giOiI2NDdjMTA5Yzc0OTVhNmU1MGU3ZGQ3MTU2YTIwMzk1MGU0NzQ4NzEwIiwiX3Nlc3Npb25fZXhwaXJ5IjowfQ==", "expire_date": "2020-06-21T02:53:06.077Z"}}, {"model": "sessions.session", "pk": "ttgsilssd8qf8vvds33hqgbqmhyissvo", "fields": {"session_data": "NmFjYTU1YjBjZDVjNWM5OTNiZDU3ZDlmYTY3OGVlNzViZDAzYzk4MTp7Il9hdXRoX3VzZXJfaWQiOiI0IiwiX2F1dGhfdXNlcl9iYWNrZW5kIjoiZGphbmdvLmNvbnRyaWIuYXV0aC5iYWNrZW5kcy5Nb2RlbEJhY2tlbmQiLCJfYXV0aF91c2VyX2hhc2giOiI2NDdjMTA5Yzc0OTVhNmU1MGU3ZGQ3MTU2YTIwMzk1MGU0NzQ4NzEwIn0=", "expire_date": "2020-07-01T05:08:17.173Z"}}, {"model": "sessions.session", "pk": "u5uavk4glrcwfkv789xmd1z1hpywn0xu", "fields": {"session_data": "OTJjNTQ4MTFiNjNkZjAxZDMwMDlmYTViNDIwMzgxNDAzOGUxMDI4Nzp7Il9hdXRoX3VzZXJfaWQiOiI0IiwiX2F1dGhfdXNlcl9iYWNrZW5kIjoiZGphbmdvLmNvbnRyaWIuYXV0aC5iYWNrZW5kcy5Nb2RlbEJhY2tlbmQiLCJfYXV0aF91c2VyX2hhc2giOiI2NDdjMTA5Yzc0OTVhNmU1MGU3ZGQ3MTU2YTIwMzk1MGU0NzQ4NzEwIiwiX3Nlc3Npb25fZXhwaXJ5IjowfQ==", "expire_date": "2020-06-18T05:54:21.717Z"}}, {"model": "sessions.session", "pk": "um5mv3zxw1gkyh2hqh6w4hm6ej8v9wi9", "fields": {"session_data": "OTJjNTQ4MTFiNjNkZjAxZDMwMDlmYTViNDIwMzgxNDAzOGUxMDI4Nzp7Il9hdXRoX3VzZXJfaWQiOiI0IiwiX2F1dGhfdXNlcl9iYWNrZW5kIjoiZGphbmdvLmNvbnRyaWIuYXV0aC5iYWNrZW5kcy5Nb2RlbEJhY2tlbmQiLCJfYXV0aF91c2VyX2hhc2giOiI2NDdjMTA5Yzc0OTVhNmU1MGU3ZGQ3MTU2YTIwMzk1MGU0NzQ4NzEwIiwiX3Nlc3Npb25fZXhwaXJ5IjowfQ==", "expire_date": "2020-06-20T01:38:21.277Z"}}, {"model": "sessions.session", "pk": "v3qb2nzdq4ta0vx4kl8ppe3dulr5z2sf", "fields": {"session_data": "OTJjNTQ4MTFiNjNkZjAxZDMwMDlmYTViNDIwMzgxNDAzOGUxMDI4Nzp7Il9hdXRoX3VzZXJfaWQiOiI0IiwiX2F1dGhfdXNlcl9iYWNrZW5kIjoiZGphbmdvLmNvbnRyaWIuYXV0aC5iYWNrZW5kcy5Nb2RlbEJhY2tlbmQiLCJfYXV0aF91c2VyX2hhc2giOiI2NDdjMTA5Yzc0OTVhNmU1MGU3ZGQ3MTU2YTIwMzk1MGU0NzQ4NzEwIiwiX3Nlc3Npb25fZXhwaXJ5IjowfQ==", "expire_date": "2020-06-18T23:48:25.896Z"}}, {"model": "sessions.session", "pk": "v6yp39y5esotm840qjqqfcg91r9qbza5", "fields": {"session_data": "MDcyNzBiYWE5ZWVjZjdjNGFmZmFlMDljMTA5ZDM3MTA5YTJmMmUxNTp7InNvY2lhbGFjY291bnRfc3RhdGUiOlt7InByb2Nlc3MiOiJsb2dpbiIsInNjb3BlIjoiIiwiYXV0aF9wYXJhbXMiOiIifSwiWFduS0J2Z3ZQeWpvIl19", "expire_date": "2020-08-06T22:19:52.464Z"}}, {"model": "sessions.session", "pk": "w6oq872tfive4c31eeq6bq1u9cv8yom7", "fields": {"session_data": "OGRiYTI2ZDgyMTgxYTc0MDk3ODdhZjViMzUxNjFhMmUwOGVlNmEyNTp7ImFjY291bnRfdmVyaWZpZWRfZW1haWwiOm51bGwsImFjY291bnRfdXNlciI6InEiLCJfYXV0aF91c2VyX2lkIjoiMjYiLCJfYXV0aF91c2VyX2JhY2tlbmQiOiJhbGxhdXRoLmFjY291bnQuYXV0aF9iYWNrZW5kcy5BdXRoZW50aWNhdGlvbkJhY2tlbmQiLCJfYXV0aF91c2VyX2hhc2giOiIxY2E1Zjk0ZDcyZWViNGY1MTM3OTcxMzJlNDBkY2JkN2E5MDkwYmU3In0=", "expire_date": "2020-08-13T00:00:05.214Z"}}, {"model": "sessions.session", "pk": "wfan21uqcdp5meb7s6gtlhyvd0gsxied", "fields": {"session_data": "MjAwNmNkMWRkMzI5OTViMTdhOGUxNmE4ZjI4ZWZhNWJlYzQ5N2UyNzp7ImFjY291bnRfdmVyaWZpZWRfZW1haWwiOm51bGwsImFjY291bnRfdXNlciI6InkiLCJfYXV0aF91c2VyX2lkIjoiMzQiLCJfYXV0aF91c2VyX2JhY2tlbmQiOiJhbGxhdXRoLmFjY291bnQuYXV0aF9iYWNrZW5kcy5BdXRoZW50aWNhdGlvbkJhY2tlbmQiLCJfYXV0aF91c2VyX2hhc2giOiIwNjFkNGZjZWIzOTRlOThlMDAxOGY5YzczNjY2OGI0ZTIwOGY2NGIzIn0=", "expire_date": "2020-08-13T22:28:34.452Z"}}, {"model": "sessions.session", "pk": "wq16si6awllwdm1gb2sy6iude7s2x6ar", "fields": {"session_data": "NjY3NDAwMzk2ZTVlY2I2YzcwOWViYjU0MmMzNjIyNzIzMWUxN2IwYzp7Il9hdXRoX3VzZXJfaWQiOiI3IiwiX2F1dGhfdXNlcl9iYWNrZW5kIjoiYWxsYXV0aC5hY2NvdW50LmF1dGhfYmFja2VuZHMuQXV0aGVudGljYXRpb25CYWNrZW5kIiwiX2F1dGhfdXNlcl9oYXNoIjoiZjRmYjBlODA3MzBhZTllOTA5ZTkzMjNmMGU3MzE5Mzk4MTZhZDIxOCJ9", "expire_date": "2020-06-11T06:08:19.291Z"}}, {"model": "sessions.session", "pk": "wr7dfp1vjt6qzquuqw92dcvznmt7pl38", "fields": {"session_data": "OTJjNTQ4MTFiNjNkZjAxZDMwMDlmYTViNDIwMzgxNDAzOGUxMDI4Nzp7Il9hdXRoX3VzZXJfaWQiOiI0IiwiX2F1dGhfdXNlcl9iYWNrZW5kIjoiZGphbmdvLmNvbnRyaWIuYXV0aC5iYWNrZW5kcy5Nb2RlbEJhY2tlbmQiLCJfYXV0aF91c2VyX2hhc2giOiI2NDdjMTA5Yzc0OTVhNmU1MGU3ZGQ3MTU2YTIwMzk1MGU0NzQ4NzEwIiwiX3Nlc3Npb25fZXhwaXJ5IjowfQ==", "expire_date": "2020-04-05T06:09:32.524Z"}}, {"model": "sessions.session", "pk": "ws720lmtzio6ynrqoxh5og0sfnpduo0g", "fields": {"session_data": "YTM5NWUyZTk0NjJkYTUwOTFjZGEyNjllMTlkYzIwYjEyN2Q1NjYwMTp7InNvY2lhbGFjY291bnRfc3RhdGUiOlt7InByb2Nlc3MiOiJsb2dpbiIsInNjb3BlIjoiIiwiYXV0aF9wYXJhbXMiOiIifSwiYmJOUnZKbWRQMm8zIl0sIl9hdXRoX3VzZXJfaWQiOiI0IiwiX2F1dGhfdXNlcl9iYWNrZW5kIjoiZGphbmdvLmNvbnRyaWIuYXV0aC5iYWNrZW5kcy5Nb2RlbEJhY2tlbmQiLCJfYXV0aF91c2VyX2hhc2giOiI2NDdjMTA5Yzc0OTVhNmU1MGU3ZGQ3MTU2YTIwMzk1MGU0NzQ4NzEwIiwiX3Nlc3Npb25fZXhwaXJ5IjowfQ==", "expire_date": "2020-06-18T10:41:41.513Z"}}, {"model": "sessions.session", "pk": "xix88g939leekxlfuhjwp3yqjx4mp871", "fields": {"session_data": "ZThmYTk3OGVmMzBkYTA1NmQ2MzAyOWVkM2FmMzM5NjM3MTcwZjIyNTp7InNvY2lhbGFjY291bnRfc3RhdGUiOlt7InByb2Nlc3MiOiJsb2dpbiIsInNjb3BlIjoiIiwiYXV0aF9wYXJhbXMiOiIifSwiMVhCS0owemRwa2hrIl0sIl9hdXRoX3VzZXJfaWQiOiI0IiwiX2F1dGhfdXNlcl9iYWNrZW5kIjoiZGphbmdvLmNvbnRyaWIuYXV0aC5iYWNrZW5kcy5Nb2RlbEJhY2tlbmQiLCJfYXV0aF91c2VyX2hhc2giOiI2NDdjMTA5Yzc0OTVhNmU1MGU3ZGQ3MTU2YTIwMzk1MGU0NzQ4NzEwIiwiX3Nlc3Npb25fZXhwaXJ5IjowfQ==", "expire_date": "2020-06-18T20:10:35.139Z"}}, {"model": "sessions.session", "pk": "xk24rjt1ghyv68c6nvsq2lfddrnrtop4", "fields": {"session_data": "NmFjYTU1YjBjZDVjNWM5OTNiZDU3ZDlmYTY3OGVlNzViZDAzYzk4MTp7Il9hdXRoX3VzZXJfaWQiOiI0IiwiX2F1dGhfdXNlcl9iYWNrZW5kIjoiZGphbmdvLmNvbnRyaWIuYXV0aC5iYWNrZW5kcy5Nb2RlbEJhY2tlbmQiLCJfYXV0aF91c2VyX2hhc2giOiI2NDdjMTA5Yzc0OTVhNmU1MGU3ZGQ3MTU2YTIwMzk1MGU0NzQ4NzEwIn0=", "expire_date": "2020-06-11T02:24:00.960Z"}}, {"model": "sessions.session", "pk": "xwqkti8zzb039n1dik7z514z0r9c4z9z", "fields": {"session_data": "OTJjNTQ4MTFiNjNkZjAxZDMwMDlmYTViNDIwMzgxNDAzOGUxMDI4Nzp7Il9hdXRoX3VzZXJfaWQiOiI0IiwiX2F1dGhfdXNlcl9iYWNrZW5kIjoiZGphbmdvLmNvbnRyaWIuYXV0aC5iYWNrZW5kcy5Nb2RlbEJhY2tlbmQiLCJfYXV0aF91c2VyX2hhc2giOiI2NDdjMTA5Yzc0OTVhNmU1MGU3ZGQ3MTU2YTIwMzk1MGU0NzQ4NzEwIiwiX3Nlc3Npb25fZXhwaXJ5IjowfQ==", "expire_date": "2020-09-02T02:03:29.079Z"}}, {"model": "sessions.session", "pk": "y3dtderfchg966npx1pcikie7e5ai05x", "fields": {"session_data": "NmFjYTU1YjBjZDVjNWM5OTNiZDU3ZDlmYTY3OGVlNzViZDAzYzk4MTp7Il9hdXRoX3VzZXJfaWQiOiI0IiwiX2F1dGhfdXNlcl9iYWNrZW5kIjoiZGphbmdvLmNvbnRyaWIuYXV0aC5iYWNrZW5kcy5Nb2RlbEJhY2tlbmQiLCJfYXV0aF91c2VyX2hhc2giOiI2NDdjMTA5Yzc0OTVhNmU1MGU3ZGQ3MTU2YTIwMzk1MGU0NzQ4NzEwIn0=", "expire_date": "2020-08-16T02:27:14.616Z"}}, {"model": "sessions.session", "pk": "y6kb1obw2co1kvhixygc0bwwsnc7ymr3", "fields": {"session_data": "OTJjNTQ4MTFiNjNkZjAxZDMwMDlmYTViNDIwMzgxNDAzOGUxMDI4Nzp7Il9hdXRoX3VzZXJfaWQiOiI0IiwiX2F1dGhfdXNlcl9iYWNrZW5kIjoiZGphbmdvLmNvbnRyaWIuYXV0aC5iYWNrZW5kcy5Nb2RlbEJhY2tlbmQiLCJfYXV0aF91c2VyX2hhc2giOiI2NDdjMTA5Yzc0OTVhNmU1MGU3ZGQ3MTU2YTIwMzk1MGU0NzQ4NzEwIiwiX3Nlc3Npb25fZXhwaXJ5IjowfQ==", "expire_date": "2020-04-13T22:41:49.900Z"}}, {"model": "sessions.session", "pk": "ygf1vsw12y0pmgtumqxui66cpzw19idf", "fields": {"session_data": "OTJjNTQ4MTFiNjNkZjAxZDMwMDlmYTViNDIwMzgxNDAzOGUxMDI4Nzp7Il9hdXRoX3VzZXJfaWQiOiI0IiwiX2F1dGhfdXNlcl9iYWNrZW5kIjoiZGphbmdvLmNvbnRyaWIuYXV0aC5iYWNrZW5kcy5Nb2RlbEJhY2tlbmQiLCJfYXV0aF91c2VyX2hhc2giOiI2NDdjMTA5Yzc0OTVhNmU1MGU3ZGQ3MTU2YTIwMzk1MGU0NzQ4NzEwIiwiX3Nlc3Npb25fZXhwaXJ5IjowfQ==", "expire_date": "2020-06-19T04:39:03.921Z"}}, {"model": "sessions.session", "pk": "yrgyqa5eavhtelqruundekf2ge9ax1y8", "fields": {"session_data": "OTJjNTQ4MTFiNjNkZjAxZDMwMDlmYTViNDIwMzgxNDAzOGUxMDI4Nzp7Il9hdXRoX3VzZXJfaWQiOiI0IiwiX2F1dGhfdXNlcl9iYWNrZW5kIjoiZGphbmdvLmNvbnRyaWIuYXV0aC5iYWNrZW5kcy5Nb2RlbEJhY2tlbmQiLCJfYXV0aF91c2VyX2hhc2giOiI2NDdjMTA5Yzc0OTVhNmU1MGU3ZGQ3MTU2YTIwMzk1MGU0NzQ4NzEwIiwiX3Nlc3Npb25fZXhwaXJ5IjowfQ==", "expire_date": "2020-07-04T06:37:34.460Z"}}, {"model": "sessions.session", "pk": "z11vky7yjx5c4xs32wurobk5c52y6u14", "fields": {"session_data": "OTJjNTQ4MTFiNjNkZjAxZDMwMDlmYTViNDIwMzgxNDAzOGUxMDI4Nzp7Il9hdXRoX3VzZXJfaWQiOiI0IiwiX2F1dGhfdXNlcl9iYWNrZW5kIjoiZGphbmdvLmNvbnRyaWIuYXV0aC5iYWNrZW5kcy5Nb2RlbEJhY2tlbmQiLCJfYXV0aF91c2VyX2hhc2giOiI2NDdjMTA5Yzc0OTVhNmU1MGU3ZGQ3MTU2YTIwMzk1MGU0NzQ4NzEwIiwiX3Nlc3Npb25fZXhwaXJ5IjowfQ==", "expire_date": "2020-09-02T00:19:07.110Z"}}, {"model": "sessions.session", "pk": "zc5js866sqlgbpu4ejuxiy8cq8mr14b7", "fields": {"session_data": "ZDExZmQzZTdlYTYzMzEzNmI4MTUwMmM3NDU1MGVjZWRjNDNjZTM0ODp7Il9hdXRoX3VzZXJfaWQiOiIxIiwiX2F1dGhfdXNlcl9iYWNrZW5kIjoiZGphbmdvLmNvbnRyaWIuYXV0aC5iYWNrZW5kcy5Nb2RlbEJhY2tlbmQiLCJfYXV0aF91c2VyX2hhc2giOiI1MjIwNjZiODkwMWM5NGQyYTA5MWNkN2IzOWE4NWUyMzBlODhjZjI3In0=", "expire_date": "2019-07-14T14:11:37.062Z"}}, {"model": "sessions.session", "pk": "zhxes2of1bmtl17n9j867q249hzrxdre", "fields": {"session_data": "OTJjNTQ4MTFiNjNkZjAxZDMwMDlmYTViNDIwMzgxNDAzOGUxMDI4Nzp7Il9hdXRoX3VzZXJfaWQiOiI0IiwiX2F1dGhfdXNlcl9iYWNrZW5kIjoiZGphbmdvLmNvbnRyaWIuYXV0aC5iYWNrZW5kcy5Nb2RlbEJhY2tlbmQiLCJfYXV0aF91c2VyX2hhc2giOiI2NDdjMTA5Yzc0OTVhNmU1MGU3ZGQ3MTU2YTIwMzk1MGU0NzQ4NzEwIiwiX3Nlc3Npb25fZXhwaXJ5IjowfQ==", "expire_date": "2020-03-30T23:03:38.717Z"}}, {"model": "sessions.session", "pk": "zq9tyv0torkf6are3otglbsp4zx7xmk8", "fields": {"session_data": "NDkxOTJkZTg1MGI0NWEzNTJhMzRjMGYxYjlhNzQ0YTQxN2M4NTAyNDp7ImFjY291bnRfdmVyaWZpZWRfZW1haWwiOm51bGwsImFjY291bnRfdXNlciI6InUiLCJfYXV0aF91c2VyX2lkIjoiMzAiLCJfYXV0aF91c2VyX2JhY2tlbmQiOiJhbGxhdXRoLmFjY291bnQuYXV0aF9iYWNrZW5kcy5BdXRoZW50aWNhdGlvbkJhY2tlbmQiLCJfYXV0aF91c2VyX2hhc2giOiI1ODc2ZDU1MjdhNmQ3OWZjNjQ2YWY1NjAyYmQxMTdiMTI5OTcxZmEwIn0=", "expire_date": "2020-08-13T03:39:47.758Z"}}, {"model": "sessions.session", "pk": "zsigzn0hmjwo9h82xpdwvyhu4z7pjw9b", "fields": {"session_data": "OTJjNTQ4MTFiNjNkZjAxZDMwMDlmYTViNDIwMzgxNDAzOGUxMDI4Nzp7Il9hdXRoX3VzZXJfaWQiOiI0IiwiX2F1dGhfdXNlcl9iYWNrZW5kIjoiZGphbmdvLmNvbnRyaWIuYXV0aC5iYWNrZW5kcy5Nb2RlbEJhY2tlbmQiLCJfYXV0aF91c2VyX2hhc2giOiI2NDdjMTA5Yzc0OTVhNmU1MGU3ZGQ3MTU2YTIwMzk1MGU0NzQ4NzEwIiwiX3Nlc3Npb25fZXhwaXJ5IjowfQ==", "expire_date": "2020-08-07T02:23:39.733Z"}}, {"model": "sites.site", "pk": 1, "fields": {"domain": "sacredheart-tuck-shop", "name": "sacredheart-tuck-shop.com"}}, {"model": "socialaccount.socialapp", "pk": 1, "fields": {"provider": "google", "name": "Google API", "client_id": "70135815824-caqkec2e62bsr13s655to2q6vo4it77n.apps.googleusercontent.com", "secret": "X0Gu1Vb8rp6mUtMaMI7T8WPk", "key": "", "sites": [1]}}, {"model": "socialaccount.socialtoken", "pk": 1, "fields": {"app": 1, "account": 1, "token": "ya29.a0AfH6SMADA4FS0jFJ3SJjcEwKwMp0Ql8DSHdn08vOoH2X6l6Hw4_MPVkjnBv9BpM53TmSlbJ1_blP6fK8TU3UjC5T5oRA1fW8N-gS5mYKfC-Gzh9Hsnys6gCxdJN2MjMnLqls7gCuNYYeisZQ1D6-A3baePhbQaPqz68Y", "token_secret": "", "expires_at": "2020-08-31T09:17:55.200Z"}}, {"model": "socialaccount.socialtoken", "pk": 2, "fields": {"app": 1, "account": 2, "token": "ya29.a0AfH6SMD_GsryrsLV013Zn0OKZnjdvwtgiErFa-9KqtYU3YYtjn5_O0Fq_r1aQOprWjrJFF3V7w-j620t7jzztOMG4wIEuTD5YC8pUdUzcTtlQXi4xoQ-DbLwq5NFWauNxz1vJDmgkj3kEXo_x04uMH1hd8AqZyhVoFA", "token_secret": "", "expires_at": "2020-05-26T00:13:24.076Z"}}, {"model": "socialaccount.socialtoken", "pk": 3, "fields": {"app": 1, "account": 3, "token": "ya29.a0AfH6SMDL_L4xgIS3l1nDCqzWrDU1gYd5Ug1nkEef4B7-18uAoAVxkK2CmpvJBV29tdBMkSDf8x2gTpiVz6NWF2ohieddx7H3lxcPNC0CGFkhnkLnUDpGCeEAiKAjwjcIOcWNy6Yxn16cxUnYcNkm7sczpgRvT1lvVw0", "token_secret": "", "expires_at": "2020-05-26T03:34:36.190Z"}}, {"model": "socialaccount.socialtoken", "pk": 4, "fields": {"app": 1, "account": 4, "token": "ya29.a0AfH6SMAd54WnphUF67nJ1mW1qJW_oFvQLi0CUNci7MZYuxLChO2h58NqgKWdK27UncfmCK0ypCWg4kOAtL7u9305P7lGdyi98eETYuawm1S72Wqn-vg_yG6obiI4Sv6XPVu4sngIUWc8p2HCCV7VdXbUzl8Jl-l5H34", "token_secret": "", "expires_at": "2020-05-28T03:07:56.383Z"}}, {"model": "socialaccount.socialtoken", "pk": 5, "fields": {"app": 1, "account": 5, "token": "ya29.a0AfH6SMBi65vbIINkjLWVNDh1wRAyf-8k46H93LsLdY0g-m7_DPFeZzzPwBz-cm47ntGqx7tNUgOfK_c24N6odldiaoCr0hy5ZumoLN8OwTiAiMS6Qc8d6Cmk9U1yjnqiGfHSJyH5Akg8Vlccz4Y7NKObaMzQe33cC54", "token_secret": "", "expires_at": "2020-05-28T05:03:15.638Z"}}, {"model": "socialaccount.socialtoken", "pk": 6, "fields": {"app": 1, "account": 6, "token": "ya29.a0AfH6SMDya76p51yVlNPWPffY_UZTP8jaMHYqYD0TWyJqLLhxJDXLXGVokZiVamgpyWE3tBcj8FljxvydNfeYvbLYcSECCqX9duL4nKwWqQD6Qg0emshPegs2Pn2G9YhMh7V9nYilugPb97UOzrcLiFQ5aNcwW8SEQdc", "token_secret": "", "expires_at": "2020-08-11T03:34:26.275Z"}}, {"model": "core.cutofftime", "pk": 2, "fields": {"cutoff": "09:05:00"}}, {"model": "core.item", "pk": 4, "fields": {"title": "Chicken Sub", "price": "3.50", "discount_price": null, "category": "HF", "slug": "chicken-sub", "description": "", "image": "images/no-image-available-icon-template-260nw-1036735678.jpg_lKq3W3V.png", "maximum_quantity": 10, "not_available": false, "variations_exist": false}}, {"model": "core.item", "pk": 5, "fields": {"title": "Sandwiches", "price": "3.50", "discount_price": null, "category": "CF", "slug": "sandwiches", "description": "", "image": "media/images/no-image-available-icon-template-260nw-1036735678.jpg_xctPfVt.png", "maximum_quantity": 10, "not_available": false, "variations_exist": false}}, {"model": "core.item", "pk": 6, "fields": {"title": "Turkish Sandwiches", "price": "4.00", "discount_price": null, "category": "CF", "slug": "turkish-sandwiches", "description": "", "image": "media/images/no-image-available-icon-template-260nw-1036735678.jpg_xctPfVt.png", "maximum_quantity": 10, "not_available": false, "variations_exist": false}}, {"model": "core.item", "pk": 7, "fields": {"title": "Chicken Salad", "price": "5.00", "discount_price": null, "category": "CF", "slug": "chicken-salad", "description": "", "image": "media/images/no-image-available-icon-template-260nw-1036735678.jpg_xctPfVt.png", "maximum_quantity": 10, "not_available": false, "variations_exist": false}}, {"model": "core.item", "pk": 8, "fields": {"title": "Vege Chips", "price": "1.50", "discount_price": null, "category": "S", "slug": "vege-chips", "description": "", "image": "media/images/no-image-available-icon-template-260nw-1036735678.jpg_xctPfVt.png", "maximum_quantity": 10, "not_available": false, "variations_exist": false}}, {"model": "core.item", "pk": 9, "fields": {"title": "Potato Wedges", "price": "3.50", "discount_price": null, "category": "HF", "slug": "potatowedges", "description": "", "image": "no-image-available-icon-template-260nw-1036735678.jpg.png", "maximum_quantity": 10, "not_available": false, "variations_exist": false}}, {"model": "core.item", "pk": 10, "fields": {"title": "Meatball Sub", "price": "3.50", "discount_price": null, "category": "HF", "slug": "meatball-sub", "description": "", "image": "images/no-image-available-icon-template-260nw-1036735678.jpg_9QegrO5.png", "maximum_quantity": 10, "not_available": false, "variations_exist": false}}, {"model": "core.item", "pk": 11, "fields": {"title": "BBQ Pork Riblet Roll", "price": "3.50", "discount_price": null, "category": "HF", "slug": "bbq-pork-riblet-roll", "description": "", "image": "images/no-image-available-icon-template-260nw-1036735678.jpg_44apcor.png", "maximum_quantity": 10, "not_available": false, "variations_exist": false}}, {"model": "core.item", "pk": 12, "fields": {"title": "Panini", "price": "4.00", "discount_price": null, "category": "HF", "slug": "paninis", "description": "", "image": "images/no-image-available-icon-template-260nw-1036735678.jpg_WYQk3FH.png", "maximum_quantity": 10, "not_available": false, "variations_exist": false}}, {"model": "core.item", "pk": 13, "fields": {"title": "Croissant", "price": "4.00", "discount_price": null, "category": "HF", "slug": "croissant", "description": "", "image": "no-image-available-icon-template-260nw-1036735678.jpg.png", "maximum_quantity": 10, "not_available": false, "variations_exist": false}}, {"model": "core.item", "pk": 14, "fields": {"title": "Sausage Rolls", "price": "2.50", "discount_price": null, "category": "HF", "slug": "Sausagerolls", "description": "", "image": "no-image-available-icon-template-260nw-1036735678.jpg_fZNlPuA.png", "maximum_quantity": 10, "not_available": false, "variations_exist": false}}, {"model": "core.item", "pk": 15, "fields": {"title": "Kebabs", "price": "3.50", "discount_price": null, "category": "HF", "slug": "kebabs", "description": "", "image": "media/images/no-image-available-icon-template-260nw-1036735678.jpg.png", "maximum_quantity": 10, "not_available": false, "variations_exist": false}}, {"model": "core.item", "pk": 16, "fields": {"title": "American Hotdog", "price": "3.50", "discount_price": null, "category": "HF", "slug": "american-hotdog", "description": "", "image": "media/images/no-image-available-icon-template-260nw-1036735678.jpg_YDMLZox.png", "maximum_quantity": 10, "not_available": false, "variations_exist": false}}, {"model": "core.item", "pk": 17, "fields": {"title": "Garlic Bread", "price": "1.50", "discount_price": null, "category": "HF", "slug": "garlicbread", "description": "", "image": "no-image-available-icon-template-260nw-1036735678.jpg_MLQgX1z.png", "maximum_quantity": 10, "not_available": false, "variations_exist": false}}, {"model": "core.item", "pk": 18, "fields": {"title": "Hot Bowl Noodles", "price": "3.50", "discount_price": null, "category": "HF", "slug": "hotbowlnoodles", "description": "", "image": "no-image-available-icon-template-260nw-1036735678.jpg_hlnSVdh.png", "maximum_quantity": 10, "not_available": false, "variations_exist": false}}, {"model": "core.item", "pk": 19, "fields": {"title": "Meat Pies Pepper Steak", "price": "3.50", "discount_price": null, "category": "HF", "slug": "mpps", "description": "", "image": "no-image-available-icon-template-260nw-1036735678.jpg_WPnFzUy.png", "maximum_quantity": 10, "not_available": false, "variations_exist": false}}, {"model": "core.item", "pk": 20, "fields": {"title": "Icy Twist", "price": "1.50", "discount_price": null, "category": "F", "slug": "icytwist", "description": "", "image": "no-image-available-icon-template-260nw-1036735678.jpg_SoMpJqT.png", "maximum_quantity": 10, "not_available": false, "variations_exist": false}}, {"model": "core.item", "pk": 21, "fields": {"title": "Water 1.25L", "price": "4.00", "discount_price": null, "category": "D", "slug": "water-125l", "description": "", "image": "no-image-available-icon-template-260nw-1036735678.jpg_wj5IHo1.png", "maximum_quantity": 10, "not_available": false, "variations_exist": false}}, {"model": "core.item", "pk": 22, "fields": {"title": "Potato Chips", "price": "1.50", "discount_price": null, "category": "HF", "slug": "potato-chips", "description": "", "image": "images/no-image-available-icon-template-260nw-1036735678.jpg_XcHi6V4.png", "maximum_quantity": 10, "not_available": false, "variations_exist": false}}, {"model": "core.item", "pk": 23, "fields": {"title": "Chicken Burger", "price": "4.50", "discount_price": null, "category": "HF", "slug": "chicken-burger", "description": "", "image": "media/images/no-image-available-icon-template-260nw-1036735678.jpg_6ijJXwQ.png", "maximum_quantity": 10, "not_available": false, "variations_exist": true}}, {"model": "core.item", "pk": 24, "fields": {"title": "Chicken, Salad and Mayo Roll", "price": "3.50", "discount_price": null, "category": "CF", "slug": "chicken-salad-and-mayo-roll", "description": "", "image": "media/images/no-image-available-icon-template-260nw-1036735678.jpg_xctPfVt.png", "maximum_quantity": 10, "not_available": false, "variations_exist": false}}, {"model": "core.item", "pk": 25, "fields": {"title": "Ham, Tomato and Salad Roll", "price": "3.50", "discount_price": null, "category": "CF", "slug": "ham-tomato-and-salad-roll", "description": "", "image": "media/images/no-image-available-icon-template-260nw-1036735678.jpg_xctPfVt.png", "maximum_quantity": 10, "not_available": false, "variations_exist": false}}, {"model": "core.item", "pk": 26, "fields": {"title": "Club Sandwich", "price": "2.00", "discount_price": null, "category": "CF", "slug": "club-sandwich", "description": "", "image": "media/images/no-image-available-icon-template-260nw-1036735678.jpg_xctPfVt.png", "maximum_quantity": 10, "not_available": false, "variations_exist": false}}, {"model": "core.item", "pk": 27, "fields": {"title": "Healthy Grain Roll", "price": "3.00", "discount_price": null, "category": "CF", "slug": "healthy-grain-roll", "description": "", "image": "media/images/no-image-available-icon-template-260nw-1036735678.jpg_xctPfVt.png", "maximum_quantity": 10, "not_available": false, "variations_exist": false}}, {"model": "core.item", "pk": 28, "fields": {"title": "Choc Danish", "price": "4.00", "discount_price": null, "category": "S", "slug": "choc-danish", "description": "", "image": "media/images/no-image-available-icon-template-260nw-1036735678.jpg_xctPfVt.png", "maximum_quantity": 10, "not_available": false, "variations_exist": false}}, {"model": "core.item", "pk": 29, "fields": {"title": "Mrs Higgins Cookies", "price": "3.00", "discount_price": null, "category": "S", "slug": "mrs-higgins-cookies", "description": "", "image": "media/images/no-image-available-icon-template-260nw-1036735678.jpg_xctPfVt.png", "maximum_quantity": 10, "not_available": false, "variations_exist": false}}, {"model": "core.item", "pk": 30, "fields": {"title": "Fudge Brownie", "price": "3.00", "discount_price": null, "category": "S", "slug": "fudge-brownie", "description": "", "image": "media/images/no-image-available-icon-template-260nw-1036735678.jpg_xctPfVt.png", "maximum_quantity": 10, "not_available": false, "variations_exist": false}}, {"model": "core.item", "pk": 31, "fields": {"title": "Muffins", "price": "3.00", "discount_price": null, "category": "S", "slug": "muffins", "description": "", "image": "media/images/no-image-available-icon-template-260nw-1036735678.jpg_xctPfVt.png", "maximum_quantity": 10, "not_available": false, "variations_exist": false}}, {"model": "core.item", "pk": 32, "fields": {"title": "Slice", "price": "3.50", "discount_price": null, "category": "S", "slug": "slice", "description": "", "image": "media/images/no-image-available-icon-template-260nw-1036735678.jpg_xctPfVt.png", "maximum_quantity": 10, "not_available": false, "variations_exist": false}}, {"model": "core.item", "pk": 33, "fields": {"title": "Calippo", "price": "2.00", "discount_price": null, "category": "F", "slug": "calippo", "description": "", "image": "media/images/no-image-available-icon-template-260nw-1036735678.jpg_31px9Ka.png", "maximum_quantity": 10, "not_available": false, "variations_exist": false}}, {"model": "core.item", "pk": 34, "fields": {"title": "Cyclone", "price": "2.00", "discount_price": null, "category": "F", "slug": "cyclone", "description": "", "image": "media/images/no-image-available-icon-template-260nw-1036735678.jpg_N0HYw9E.png", "maximum_quantity": 10, "not_available": false, "variations_exist": false}}, {"model": "core.item", "pk": 35, "fields": {"title": "Juicies", "price": "1.00", "discount_price": null, "category": "F", "slug": "juicies", "description": "", "image": "media/images/no-image-available-icon-template-260nw-1036735678.jpg_GZb8j9x.png", "maximum_quantity": 30, "not_available": false, "variations_exist": true}}, {"model": "core.item", "pk": 36, "fields": {"title": "G Force", "price": "4.00", "discount_price": null, "category": "D", "slug": "g-force", "description": "", "image": "media/images/9415767011366.jpg", "maximum_quantity": 10, "not_available": false, "variations_exist": true}}, {"model": "core.item", "pk": 37, "fields": {"title": "Mammoth", "price": "4.50", "discount_price": null, "category": "D", "slug": "mammoth", "description": "", "image": "media/images/no-image-available-icon-template-260nw-1036735678.jpg_dqAaAzx.png", "maximum_quantity": 10, "not_available": false, "variations_exist": false}}, {"model": "core.item", "pk": 38, "fields": {"title": "Large Primo", "price": "3.50", "discount_price": null, "category": "D", "slug": "large-primo", "description": "", "image": "media/images/no-image-available-icon-template-260nw-1036735678.jpg_xctPfVt.png", "maximum_quantity": 10, "not_available": false, "variations_exist": true}}, {"model": "core.item", "pk": 39, "fields": {"title": "Fresh Up Cans", "price": "2.50", "discount_price": null, "category": "D", "slug": "fresh-up-cans", "description": "", "image": "media/images/no-image-available-icon-template-260nw-1036735678.jpg_hVoA4z6.png", "maximum_quantity": 10, "not_available": false, "variations_exist": true}}, {"model": "core.item", "pk": 40, "fields": {"title": "Primo 250mL", "price": "2.50", "discount_price": null, "category": "D", "slug": "primo-250ml", "description": "", "image": "media/images/no-image-available-icon-template-260nw-1036735678.jpg_UBU8mUQ.png", "maximum_quantity": 10, "not_available": false, "variations_exist": true}}, {"model": "core.item", "pk": 41, "fields": {"title": "Lipton Ice Tea 500mL", "price": "3.50", "discount_price": null, "category": "D", "slug": "lipton-ice-tea-500ml", "description": "", "image": "media/images/no-image-available-icon-template-260nw-1036735678.jpg_yk305B1.png", "maximum_quantity": 10, "not_available": false, "variations_exist": false}}, {"model": "core.item", "pk": 42, "fields": {"title": "Mizone 750mL", "price": "4.00", "discount_price": null, "category": "D", "slug": "mizone-750ml", "description": "", "image": "media/images/no-image-available-icon-template-260nw-1036735678.jpg_pareCsZ.png", "maximum_quantity": 10, "not_available": false, "variations_exist": true}}, {"model": "core.item", "pk": 47, "fields": {"title": "Turkish Bread", "price": "4.00", "discount_price": null, "category": "HF", "slug": "turkish-bread", "description": "", "image": "media/images/no-image-available-icon-template-260nw-1036735678.jpg_xctPfVt.png", "maximum_quantity": 10, "not_available": false, "variations_exist": false}}, {"model": "core.itemvariation", "pk": 2, "fields": {"item": 42, "variation": "Peach", "price": "4.00", "image": "media/images/no-image-available-icon-template-260nw-1036735678.jpg_xctPfVt.png", "slug": "mizone-750ml-peach", "not_available": false}}, {"model": "core.itemvariation", "pk": 3, "fields": {"item": 42, "variation": "Lime", "price": "4.00", "image": "media/images/no-image-available-icon-template-260nw-1036735678.jpg_xctPfVt.png", "slug": "mizone-750ml-lime", "not_available": false}}, {"model": "core.itemvariation", "pk": 4, "fields": {"item": 42, "variation": "Apple", "price": "4.00", "image": "media/images/no-image-available-icon-template-260nw-1036735678.jpg_xctPfVt.png", "slug": "mizone-750ml-apple", "not_available": false}}, {"model": "core.itemvariation", "pk": 5, "fields": {"item": 42, "variation": "Mandarin", "price": "4.00", "image": "media/images/no-image-available-icon-template-260nw-1036735678.jpg_xctPfVt.png", "slug": "mizone-750ml-mandarin", "not_available": false}}, {"model": "core.itemvariation", "pk": 10, "fields": {"item": 35, "variation": "Lemonade", "price": "1.00", "image": "media/images/no-image-available-icon-template-260nw-1036735678.jpg_xctPfVt.png", "slug": "juicies-lemonade", "not_available": false}}, {"model": "core.itemvariation", "pk": 11, "fields": {"item": 36, "variation": "Blackcurrent", "price": "4.00", "image": "media/images/no-image-available-icon-template-260nw-1036735678.jpg_xctPfVt.png", "slug": "g-force-blackcurrent", "not_available": false}}, {"model": "core.itemvariation", "pk": 12, "fields": {"item": 36, "variation": "Raspberry/Blueberry", "price": "4.00", "image": "media/images/no-image-available-icon-template-260nw-1036735678.jpg_xctPfVt.png", "slug": "g-force-raspberryblueberry", "not_available": false}}, {"model": "core.itemvariation", "pk": 13, "fields": {"item": 36, "variation": "Orange/Mandarin", "price": "4.00", "image": "media/images/no-image-available-icon-template-260nw-1036735678.jpg_xctPfVt.png", "slug": "g-force-orangemandarin", "not_available": false}}, {"model": "core.itemvariation", "pk": 15, "fields": {"item": 23, "variation": "Chicken Burger with Salad", "price": "5.00", "image": "media/images/no-image-available-icon-template-260nw-1036735678.jpg_xctPfVt.png", "slug": "chicken-burger-chicken-burger-with-salad", "not_available": false}}, {"model": "core.itemvariation", "pk": 16, "fields": {"item": 23, "variation": "Chicken Burger", "price": "4.50", "image": "media/images/no-image-available-icon-template-260nw-1036735678.jpg_xctPfVt.png", "slug": "chicken-burger-chicken-burger", "not_available": false}}, {"model": "core.itemvariation", "pk": 17, "fields": {"item": 40, "variation": "Lime", "price": "2.50", "image": "media/images/no-image-available-icon-template-260nw-1036735678.jpg_xctPfVt.png", "slug": "primo-250ml-lime", "not_available": false}}, {"model": "core.itemvariation", "pk": 18, "fields": {"item": 40, "variation": "Chocolate", "price": "2.50", "image": "media/images/no-image-available-icon-template-260nw-1036735678.jpg_xctPfVt.png", "slug": "primo-250ml-chocolate", "not_available": false}}, {"model": "core.itemvariation", "pk": 19, "fields": {"item": 40, "variation": "Strawberry", "price": "2.50", "image": "media/images/no-image-available-icon-template-260nw-1036735678.jpg_xctPfVt.png", "slug": "primo-250ml-strawberry", "not_available": false}}, {"model": "core.itemvariation", "pk": 20, "fields": {"item": 38, "variation": "Lime", "price": "3.50", "image": "media/images/no-image-available-icon-template-260nw-1036735678.jpg_xctPfVt.png", "slug": "large-primo-lime", "not_available": false}}, {"model": "core.itemvariation", "pk": 21, "fields": {"item": 38, "variation": "Chocolate", "price": "3.50", "image": "media/images/no-image-available-icon-template-260nw-1036735678.jpg_xctPfVt.png", "slug": "large-primo-chocolate", "not_available": false}}, {"model": "core.itemvariation", "pk": 22, "fields": {"item": 38, "variation": "Strawberry", "price": "3.50", "image": "media/images/no-image-available-icon-template-260nw-1036735678.jpg_xctPfVt.png", "slug": "large-primo-strawberry", "not_available": false}}, {"model": "core.itemvariation", "pk": 30, "fields": {"item": 39, "variation": "Red Apple", "price": "2.50", "image": "media/images/no-image-available-icon-template-260nw-1036735678.jpg_xctPfVt.png", "slug": "fresh-up-cans-red-apple", "not_available": false}}, {"model": "core.itemvariation", "pk": 31, "fields": {"item": 39, "variation": "Green Apple", "price": "2.50", "image": "media/images/no-image-available-icon-template-260nw-1036735678.jpg_xctPfVt.png", "slug": "fresh-up-cans-green-apple", "not_available": false}}, {"model": "core.itemvariation", "pk": 32, "fields": {"item": 39, "variation": "Apple and Orange", "price": "2.50", "image": "media/images/no-image-available-icon-template-260nw-1036735678.jpg_xctPfVt.png", "slug": "fresh-up-cans-apple-and-orange", "not_available": false}}, {"model": "core.itemvariation", "pk": 33, "fields": {"item": 39, "variation": "Summer Fruit", "price": "2.50", "image": "media/images/no-image-available-icon-template-260nw-1036735678.jpg_xctPfVt.png", "slug": "fresh-up-cans-summer-fruit", "not_available": false}}, {"model": "core.itemvariation", "pk": 34, "fields": {"item": 35, "variation": "Cola", "price": "1.00", "image": "media/images/no-image-available-icon-template-260nw-1036735678.jpg_xctPfVt.png", "slug": "juicies-cola", "not_available": false}}, {"model": "core.itemvariation", "pk": 35, "fields": {"item": 35, "variation": "Berry", "price": "1.00", "image": "media/images/no-image-available-icon-template-260nw-1036735678.jpg_xctPfVt.png", "slug": "juicies-berry", "not_available": false}}, {"model": "core.itemvariation", "pk": 36, "fields": {"item": 35, "variation": "Apple", "price": "1.00", "image": "media/images/no-image-available-icon-template-260nw-1036735678.jpg_xctPfVt.png", "slug": "juicies-apple", "not_available": false}}, {"model": "core.itemvariation", "pk": 37, "fields": {"item": 35, "variation": "Orange", "price": "1.00", "image": "media/images/no-image-available-icon-template-260nw-1036735678.jpg_xctPfVt.png", "slug": "juicies-orange", "not_available": false}}, {"model": "core.itemvariation", "pk": 38, "fields": {"item": 35, "variation": "Blackcurrent", "price": "1.00", "image": "media/images/no-image-available-icon-template-260nw-1036735678.jpg_xctPfVt.png", "slug": "juicies-blackcurrent", "not_available": false}}, {"model": "core.itemvariation", "pk": 39, "fields": {"item": 35, "variation": "Tropical", "price": "1.00", "image": "media/images/no-image-available-icon-template-260nw-1036735678.jpg_xctPfVt.png", "slug": "juicies-tropical", "not_available": false}}, {"model": "core.netorders", "pk": 6, "fields": {"date": "2020-07-23"}}, {"model": "core.netorders", "pk": 7, "fields": {"date": "2020-07-24"}}, {"model": "core.netorders", "pk": 8, "fields": {"date": "2020-07-28"}}, {"model": "core.netorders", "pk": 10, "fields": {"date": "2020-07-30"}}, {"model": "core.netorders", "pk": 11, "fields": {"date": "2020-07-31"}}, {"model": "core.netorders", "pk": 12, "fields": {"date": "2020-08-02"}}, {"model": "core.netorders", "pk": 13, "fields": {"date": "2020-08-03"}}, {"model": "core.netorders", "pk": 14, "fields": {"date": "2020-08-04"}}, {"model": "core.netorders", "pk": 15, "fields": {"date": "2020-08-05"}}, {"model": "core.netorders", "pk": 16, "fields": {"date": "2020-08-06"}}, {"model": "core.netorders", "pk": 17, "fields": {"date": "2020-08-07"}}, {"model": "core.netorders", "pk": 18, "fields": {"date": "2020-08-11"}}, {"model": "core.netorders", "pk": 19, "fields": {"date": "2020-08-19"}}, {"model": "core.netorders", "pk": 20, "fields": {"date": "2020-08-20"}}, {"model": "core.netorders", "pk": 21, "fields": {"date": "2020-08-21"}}, {"model": "core.netorders", "pk": 22, "fields": {"date": "2020-08-25"}}, {"model": "core.netorders", "pk": 23, "fields": {"date": "2020-09-02"}}, {"model": "core.netitem", "pk": 24, "fields": {"date": 6, "title": "G Force (Orange/Mandarin)", "slug": "g-force-orangemandarin", "quantity": 1}}, {"model": "core.netitem", "pk": 25, "fields": {"date": 6, "title": "Croissant", "slug": "croissant", "quantity": 2}}, {"model": "core.netitem", "pk": 26, "fields": {"date": 6, "title": "Chicken Sub", "slug": "chicken-sub", "quantity": 3}}, {"model": "core.netitem", "pk": 27, "fields": {"date": 6, "title": "Mizone 750mL (Apple)", "slug": "mizone-750ml-apple", "quantity": 2}}, {"model": "core.netitem", "pk": 28, "fields": {"date": 6, "title": "Turkish Bread", "slug": "turkish-bread", "quantity": 2}}, {"model": "core.netitem", "pk": 29, "fields": {"date": 6, "title": "Turkish Sandwiches", "slug": "turkish-sandwiches", "quantity": 1}}, {"model": "core.netitem", "pk": 30, "fields": {"date": 6, "title": "Vege Chips", "slug": "vege-chips", "quantity": 1}}, {"model": "core.netitem", "pk": 31, "fields": {"date": 6, "title": "G Force (Blackcurrent)", "slug": "g-force-blackcurrent", "quantity": 2}}, {"model": "core.netitem", "pk": 32, "fields": {"date": 6, "title": "Mizone 750mL (Mandarin)", "slug": "mizone-750ml-mandarin", "quantity": 1}}, {"model": "core.netitem", "pk": 33, "fields": {"date": 7, "title": "Sandwiches", "slug": "sandwiches", "quantity": 4}}, {"model": "core.netitem", "pk": 34, "fields": {"date": 7, "title": "Chicken Sub", "slug": "chicken-sub", "quantity": 3}}, {"model": "core.netitem", "pk": 35, "fields": {"date": 7, "title": "Turkish Sandwiches", "slug": "turkish-sandwiches", "quantity": 1}}, {"model": "core.netitem", "pk": 36, "fields": {"date": 7, "title": "Paninis", "slug": "paninis", "quantity": 1}}, {"model": "core.netitem", "pk": 37, "fields": {"date": 7, "title": "Mizone 750mL (Mandarin)", "slug": "mizone-750ml-mandarin", "quantity": 6}}, {"model": "core.netitem", "pk": 38, "fields": {"date": 7, "title": "Croissant", "slug": "croissant", "quantity": 1}}, {"model": "core.netitem", "pk": 39, "fields": {"date": 8, "title": "Lipton Ice Tea 500mL", "slug": "lipton-ice-tea-500ml", "quantity": 4}}, {"model": "core.netitem", "pk": 40, "fields": {"date": 8, "title": "Sandwiches", "slug": "sandwiches", "quantity": 6}}, {"model": "core.netitem", "pk": 41, "fields": {"date": 8, "title": "Croissant", "slug": "croissant", "quantity": 1}}, {"model": "core.netitem", "pk": 42, "fields": {"date": 8, "title": "Turkish Bread", "slug": "turkish-bread", "quantity": 1}}, {"model": "core.netitem", "pk": 102, "fields": {"date": 10, "title": "Chicken Sub", "slug": "chicken-sub", "quantity": 5}}, {"model": "core.netitem", "pk": 103, "fields": {"date": 10, "title": "Sandwiches", "slug": "sandwiches", "quantity": 4}}, {"model": "core.netitem", "pk": 104, "fields": {"date": 10, "title": "Turkish Sandwiches", "slug": "turkish-sandwiches", "quantity": 4}}, {"model": "core.netitem", "pk": 105, "fields": {"date": 10, "title": "Chicken Salad", "slug": "chicken-salad", "quantity": 1}}, {"model": "core.netitem", "pk": 106, "fields": {"date": 10, "title": "Kebabs", "slug": "kebabs", "quantity": 1}}, {"model": "core.netitem", "pk": 107, "fields": {"date": 10, "title": "Potato Wedges", "slug": "potatowedges", "quantity": 11}}, {"model": "core.netitem", "pk": 108, "fields": {"date": 10, "title": "Croissant", "slug": "croissant", "quantity": 2}}, {"model": "core.netitem", "pk": 109, "fields": {"date": 10, "title": "G Force (Blackcurrent)", "slug": "g-force-blackcurrent", "quantity": 10}}, {"model": "core.netitem", "pk": 110, "fields": {"date": 10, "title": "Vege Chips", "slug": "vege-chips", "quantity": 1}}, {"model": "core.netitem", "pk": 111, "fields": {"date": 10, "title": "Sausage Rolls", "slug": "Sausagerolls", "quantity": 2}}, {"model": "core.netitem", "pk": 112, "fields": {"date": 10, "title": "Large Primo (Lime)", "slug": "large-primo-lime", "quantity": 1}}, {"model": "core.netitem", "pk": 113, "fields": {"date": 11, "title": "Turkish Sandwiches", "slug": "turkish-sandwiches", "quantity": 14}}, {"model": "core.netitem", "pk": 114, "fields": {"date": 11, "title": "Icy Twist", "slug": "icytwist", "quantity": 2}}, {"model": "core.netitem", "pk": 115, "fields": {"date": 11, "title": "Sandwiches", "slug": "sandwiches", "quantity": 5}}, {"model": "core.netitem", "pk": 116, "fields": {"date": 11, "title": "Chicken Sub", "slug": "chicken-sub", "quantity": 6}}, {"model": "core.netitem", "pk": 117, "fields": {"date": 11, "title": "Kebabs", "slug": "kebabs", "quantity": 2}}, {"model": "core.netitem", "pk": 118, "fields": {"date": 11, "title": "Chicken Salad", "slug": "chicken-salad", "quantity": 9}}, {"model": "core.netitem", "pk": 119, "fields": {"date": 11, "title": "Vege Chips", "slug": "vege-chips", "quantity": 1}}, {"model": "core.netitem", "pk": 120, "fields": {"date": 11, "title": "Potato Wedges", "slug": "potatowedges", "quantity": 1}}, {"model": "core.netitem", "pk": 121, "fields": {"date": 11, "title": "Meatball Sub", "slug": "meatball-sub", "quantity": 5}}, {"model": "core.netitem", "pk": 122, "fields": {"date": 11, "title": "Large Primo (Chocolate)", "slug": "large-primo-chocolate", "quantity": 1}}, {"model": "core.netitem", "pk": 123, "fields": {"date": 11, "title": "BBQ Pork Riblet Roll", "slug": "bbq-pork-riblet-roll", "quantity": 2}}, {"model": "core.netitem", "pk": 124, "fields": {"date": 11, "title": "Healthy Grain Roll", "slug": "healthy-grain-roll", "quantity": 1}}, {"model": "core.netitem", "pk": 125, "fields": {"date": 11, "title": "Hot Bowl Noodles", "slug": "hotbowlnoodles", "quantity": 2}}, {"model": "core.netitem", "pk": 126, "fields": {"date": 12, "title": "Turkish Sandwiches", "slug": "turkish-sandwiches", "quantity": 40}}, {"model": "core.netitem", "pk": 127, "fields": {"date": 12, "title": "Icy Twist", "slug": "icytwist", "quantity": 13}}, {"model": "core.netitem", "pk": 128, "fields": {"date": 12, "title": "Sandwiches", "slug": "sandwiches", "quantity": 11}}, {"model": "core.netitem", "pk": 129, "fields": {"date": 12, "title": "Chicken Sub", "slug": "chicken-sub", "quantity": 10}}, {"model": "core.netitem", "pk": 130, "fields": {"date": 12, "title": "Chicken Salad", "slug": "chicken-salad", "quantity": 9}}, {"model": "core.netitem", "pk": 131, "fields": {"date": 12, "title": "Kebabs", "slug": "kebabs", "quantity": 7}}, {"model": "core.netitem", "pk": 132, "fields": {"date": 12, "title": "G Force (Raspberry/Blueberry)", "slug": "g-force-raspberryblueberry", "quantity": 6}}, {"model": "core.netitem", "pk": 133, "fields": {"date": 12, "title": "Sausage Rolls", "slug": "Sausagerolls", "quantity": 6}}, {"model": "core.netitem", "pk": 134, "fields": {"date": 12, "title": "Croissant", "slug": "croissant", "quantity": 3}}, {"model": "core.netitem", "pk": 135, "fields": {"date": 12, "title": "Mammoth", "slug": "mammoth", "quantity": 3}}, {"model": "core.netitem", "pk": 136, "fields": {"date": 12, "title": "Lipton Ice Tea 500mL", "slug": "lipton-ice-tea-500ml", "quantity": 3}}, {"model": "core.netitem", "pk": 137, "fields": {"date": 13, "title": "Turkish Sandwiches", "slug": "turkish-sandwiches", "quantity": 24}}, {"model": "core.netitem", "pk": 138, "fields": {"date": 13, "title": "Icy Twist", "slug": "icytwist", "quantity": 10}}, {"model": "core.netitem", "pk": 139, "fields": {"date": 13, "title": "Sandwiches", "slug": "sandwiches", "quantity": 6}}, {"model": "core.netitem", "pk": 140, "fields": {"date": 13, "title": "Chicken Sub", "slug": "chicken-sub", "quantity": 6}}, {"model": "core.netitem", "pk": 141, "fields": {"date": 13, "title": "Sausage Rolls", "slug": "Sausagerolls", "quantity": 8}}, {"model": "core.netitem", "pk": 142, "fields": {"date": 13, "title": "Kebabs", "slug": "kebabs", "quantity": 8}}, {"model": "core.netitem", "pk": 143, "fields": {"date": 13, "title": "Croissant", "slug": "croissant", "quantity": 4}}, {"model": "core.netitem", "pk": 144, "fields": {"date": 13, "title": "Mammoth", "slug": "mammoth", "quantity": 4}}, {"model": "core.netitem", "pk": 145, "fields": {"date": 13, "title": "Lipton Ice Tea 500mL", "slug": "lipton-ice-tea-500ml", "quantity": 4}}, {"model": "core.netitem", "pk": 146, "fields": {"date": 14, "title": "Sandwiches", "slug": "sandwiches", "quantity": 1}}, {"model": "core.netitem", "pk": 147, "fields": {"date": 15, "title": "Chicken Salad", "slug": "chicken-salad", "quantity": 1}}, {"model": "core.netitem", "pk": 148, "fields": {"date": 15, "title": "Turkish Sandwiches", "slug": "turkish-sandwiches", "quantity": 8}}, {"model": "core.netitem", "pk": 149, "fields": {"date": 15, "title": "Sandwiches", "slug": "sandwiches", "quantity": 4}}, {"model": "core.netitem", "pk": 150, "fields": {"date": 15, "title": "Chicken Sub", "slug": "chicken-sub", "quantity": 2}}, {"model": "core.netitem", "pk": 151, "fields": {"date": 15, "title": "Mammoth", "slug": "mammoth", "quantity": 2}}, {"model": "core.netitem", "pk": 152, "fields": {"date": 15, "title": "Potato Wedges", "slug": "potatowedges", "quantity": 4}}, {"model": "core.netitem", "pk": 153, "fields": {"date": 15, "title": "Icy Twist", "slug": "icytwist", "quantity": 2}}, {"model": "core.netitem", "pk": 154, "fields": {"date": 15, "title": "Sausage Rolls", "slug": "Sausagerolls", "quantity": 2}}, {"model": "core.netitem", "pk": 155, "fields": {"date": 15, "title": "Kebabs", "slug": "kebabs", "quantity": 2}}, {"model": "core.netitem", "pk": 156, "fields": {"date": 15, "title": "Croissant", "slug": "croissant", "quantity": 1}}, {"model": "core.netitem", "pk": 157, "fields": {"date": 15, "title": "Lipton Ice Tea 500mL", "slug": "lipton-ice-tea-500ml", "quantity": 1}}, {"model": "core.netitem", "pk": 158, "fields": {"date": 16, "title": "Chicken Salad", "slug": "chicken-salad", "quantity": 1}}, {"model": "core.netitem", "pk": 159, "fields": {"date": 16, "title": "Juicies (Lemonade)", "slug": "juicies-lemonade", "quantity": 30}}, {"model": "core.netitem", "pk": 160, "fields": {"date": 17, "title": "Kebabs", "slug": "kebabs", "quantity": 6}}, {"model": "core.netitem", "pk": 161, "fields": {"date": 17, "title": "G Force (Raspberry/Blueberry)", "slug": "g-force-raspberryblueberry", "quantity": 4}}, {"model": "core.netitem", "pk": 162, "fields": {"date": 17, "title": "G Force (Blackcurrent)", "slug": "g-force-blackcurrent", "quantity": 3}}, {"model": "core.netitem", "pk": 163, "fields": {"date": 17, "title": "Primo 250mL (Lime)", "slug": "primo-250ml-lime", "quantity": 4}}, {"model": "core.netitem", "pk": 164, "fields": {"date": 18, "title": "Turkish Sandwiches", "slug": "turkish-sandwiches", "quantity": 14}}, {"model": "core.netitem", "pk": 165, "fields": {"date": 18, "title": "Meatball Sub", "slug": "meatball-sub", "quantity": 10}}, {"model": "core.netitem", "pk": 166, "fields": {"date": 19, "title": "Turkish Sandwiches", "slug": "turkish-sandwiches", "quantity": 27}}, {"model": "core.netitem", "pk": 167, "fields": {"date": 19, "title": "Meatball Sub", "slug": "meatball-sub", "quantity": 10}}, {"model": "core.netitem", "pk": 168, "fields": {"date": 19, "title": "Sandwiches", "slug": "sandwiches", "quantity": 4}}, {"model": "core.netitem", "pk": 169, "fields": {"date": 19, "title": "Icy Twist", "slug": "icytwist", "quantity": 4}}, {"model": "core.netitem", "pk": 170, "fields": {"date": 19, "title": "Chicken Sub", "slug": "chicken-sub", "quantity": 3}}, {"model": "core.netitem", "pk": 171, "fields": {"date": 19, "title": "G Force (Raspberry/Blueberry)", "slug": "g-force-raspberryblueberry", "quantity": 4}}, {"model": "core.netitem", "pk": 172, "fields": {"date": 19, "title": "G Force (Blackcurrent)", "slug": "g-force-blackcurrent", "quantity": 3}}, {"model": "core.netitem", "pk": 173, "fields": {"date": 19, "title": "Primo 250mL (Lime)", "slug": "primo-250ml-lime", "quantity": 4}}, {"model": "core.netitem", "pk": 174, "fields": {"date": 19, "title": "Sausage Rolls", "slug": "Sausagerolls", "quantity": 2}}, {"model": "core.netitem", "pk": 175, "fields": {"date": 19, "title": "Kebabs", "slug": "kebabs", "quantity": 2}}, {"model": "core.netitem", "pk": 176, "fields": {"date": 19, "title": "Croissant", "slug": "croissant", "quantity": 1}}, {"model": "core.netitem", "pk": 177, "fields": {"date": 19, "title": "Mammoth", "slug": "mammoth", "quantity": 1}}, {"model": "core.netitem", "pk": 178, "fields": {"date": 19, "title": "Lipton Ice Tea 500mL", "slug": "lipton-ice-tea-500ml", "quantity": 1}}, {"model": "core.netitem", "pk": 179, "fields": {"date": 19, "title": "Potato Wedges", "slug": "potatowedges", "quantity": 4}}, {"model": "core.netitem", "pk": 180, "fields": {"date": 20, "title": "Icy Twist", "slug": "icytwist", "quantity": 2}}, {"model": "core.netitem", "pk": 181, "fields": {"date": 20, "title": "Sandwiches", "slug": "sandwiches", "quantity": 2}}, {"model": "core.netitem", "pk": 182, "fields": {"date": 20, "title": "Chicken Sub", "slug": "chicken-sub", "quantity": 2}}, {"model": "core.netitem", "pk": 183, "fields": {"date": 20, "title": "G Force (Blackcurrent)", "slug": "g-force-blackcurrent", "quantity": 1}}, {"model": "core.netitem", "pk": 184, "fields": {"date": 20, "title": "Turkish Sandwiches", "slug": "turkish-sandwiches", "quantity": 5}}, {"model": "core.netitem", "pk": 185, "fields": {"date": 20, "title": "Large Primo (Lime)", "slug": "large-primo-lime", "quantity": 1}}, {"model": "core.netitem", "pk": 186, "fields": {"date": 21, "title": "Chicken Sub", "slug": "chicken-sub", "quantity": 3}}, {"model": "core.netitem", "pk": 187, "fields": {"date": 21, "title": "Chicken Salad", "slug": "chicken-salad", "quantity": 4}}, {"model": "core.netitem", "pk": 188, "fields": {"date": 21, "title": "Sandwiches", "slug": "sandwiches", "quantity": 2}}, {"model": "core.netitem", "pk": 189, "fields": {"date": 21, "title": "G Force (Blackcurrent)", "slug": "g-force-blackcurrent", "quantity": 1}}, {"model": "core.netitem", "pk": 190, "fields": {"date": 21, "title": "Mizone 750mL (Lime)", "slug": "mizone-750ml-lime", "quantity": 4}}, {"model": "core.netitem", "pk": 191, "fields": {"date": 22, "title": "Potato Wedges", "slug": "potatowedges", "quantity": 2}}, {"model": "core.netitem", "pk": 192, "fields": {"date": 22, "title": "Sandwiches", "slug": "sandwiches", "quantity": 3}}, {"model": "core.netitem", "pk": 193, "fields": {"date": 22, "title": "Healthy Grain Roll", "slug": "healthy-grain-roll", "quantity": 1}}, {"model": "core.netitem", "pk": 194, "fields": {"date": 23, "title": "Sandwiches", "slug": "sandwiches", "quantity": 2}}, {"model": "core.netitem", "pk": 195, "fields": {"date": 23, "title": "Turkish Sandwiches", "slug": "turkish-sandwiches", "quantity": 2}}, {"model": "core.netitem", "pk": 196, "fields": {"date": 23, "title": "Chicken Sub", "slug": "chicken-sub", "quantity": 2}}, {"model": "auth.permission", "pk": 1, "fields": {"name": "Can add log entry", "content_type": 1, "codename": "add_logentry"}}, {"model": "auth.permission", "pk": 2, "fields": {"name": "Can change log entry", "content_type": 1, "codename": "change_logentry"}}, {"model": "auth.permission", "pk": 3, "fields": {"name": "Can delete log entry", "content_type": 1, "codename": "delete_logentry"}}, {"model": "auth.permission", "pk": 4, "fields": {"name": "Can view log entry", "content_type": 1, "codename": "view_logentry"}}, {"model": "auth.permission", "pk": 5, "fields": {"name": "Can add permission", "content_type": 2, "codename": "add_permission"}}, {"model": "auth.permission", "pk": 6, "fields": {"name": "Can change permission", "content_type": 2, "codename": "change_permission"}}, {"model": "auth.permission", "pk": 7, "fields": {"name": "Can delete permission", "content_type": 2, "codename": "delete_permission"}}, {"model": "auth.permission", "pk": 8, "fields": {"name": "Can view permission", "content_type": 2, "codename": "view_permission"}}, {"model": "auth.permission", "pk": 9, "fields": {"name": "Can add group", "content_type": 3, "codename": "add_group"}}, {"model": "auth.permission", "pk": 10, "fields": {"name": "Can change group", "content_type": 3, "codename": "change_group"}}, {"model": "auth.permission", "pk": 11, "fields": {"name": "Can delete group", "content_type": 3, "codename": "delete_group"}}, {"model": "auth.permission", "pk": 12, "fields": {"name": "Can view group", "content_type": 3, "codename": "view_group"}}, {"model": "auth.permission", "pk": 13, "fields": {"name": "Can add user", "content_type": 4, "codename": "add_user"}}, {"model": "auth.permission", "pk": 14, "fields": {"name": "Can change user", "content_type": 4, "codename": "change_user"}}, {"model": "auth.permission", "pk": 15, "fields": {"name": "Can delete user", "content_type": 4, "codename": "delete_user"}}, {"model": "auth.permission", "pk": 16, "fields": {"name": "Can view user", "content_type": 4, "codename": "view_user"}}, {"model": "auth.permission", "pk": 17, "fields": {"name": "Can add content type", "content_type": 5, "codename": "add_contenttype"}}, {"model": "auth.permission", "pk": 18, "fields": {"name": "Can change content type", "content_type": 5, "codename": "change_contenttype"}}, {"model": "auth.permission", "pk": 19, "fields": {"name": "Can delete content type", "content_type": 5, "codename": "delete_contenttype"}}, {"model": "auth.permission", "pk": 20, "fields": {"name": "Can view content type", "content_type": 5, "codename": "view_contenttype"}}, {"model": "auth.permission", "pk": 21, "fields": {"name": "Can add session", "content_type": 6, "codename": "add_session"}}, {"model": "auth.permission", "pk": 22, "fields": {"name": "Can change session", "content_type": 6, "codename": "change_session"}}, {"model": "auth.permission", "pk": 23, "fields": {"name": "Can delete session", "content_type": 6, "codename": "delete_session"}}, {"model": "auth.permission", "pk": 24, "fields": {"name": "Can view session", "content_type": 6, "codename": "view_session"}}, {"model": "auth.permission", "pk": 25, "fields": {"name": "Can add site", "content_type": 7, "codename": "add_site"}}, {"model": "auth.permission", "pk": 26, "fields": {"name": "Can change site", "content_type": 7, "codename": "change_site"}}, {"model": "auth.permission", "pk": 27, "fields": {"name": "Can delete site", "content_type": 7, "codename": "delete_site"}}, {"model": "auth.permission", "pk": 28, "fields": {"name": "Can view site", "content_type": 7, "codename": "view_site"}}, {"model": "auth.permission", "pk": 29, "fields": {"name": "Can add email address", "content_type": 8, "codename": "add_emailaddress"}}, {"model": "auth.permission", "pk": 30, "fields": {"name": "Can change email address", "content_type": 8, "codename": "change_emailaddress"}}, {"model": "auth.permission", "pk": 31, "fields": {"name": "Can delete email address", "content_type": 8, "codename": "delete_emailaddress"}}, {"model": "auth.permission", "pk": 32, "fields": {"name": "Can view email address", "content_type": 8, "codename": "view_emailaddress"}}, {"model": "auth.permission", "pk": 33, "fields": {"name": "Can add email confirmation", "content_type": 9, "codename": "add_emailconfirmation"}}, {"model": "auth.permission", "pk": 34, "fields": {"name": "Can change email confirmation", "content_type": 9, "codename": "change_emailconfirmation"}}, {"model": "auth.permission", "pk": 35, "fields": {"name": "Can delete email confirmation", "content_type": 9, "codename": "delete_emailconfirmation"}}, {"model": "auth.permission", "pk": 36, "fields": {"name": "Can view email confirmation", "content_type": 9, "codename": "view_emailconfirmation"}}, {"model": "auth.permission", "pk": 37, "fields": {"name": "Can add social account", "content_type": 10, "codename": "add_socialaccount"}}, {"model": "auth.permission", "pk": 38, "fields": {"name": "Can change social account", "content_type": 10, "codename": "change_socialaccount"}}, {"model": "auth.permission", "pk": 39, "fields": {"name": "Can delete social account", "content_type": 10, "codename": "delete_socialaccount"}}, {"model": "auth.permission", "pk": 40, "fields": {"name": "Can view social account", "content_type": 10, "codename": "view_socialaccount"}}, {"model": "auth.permission", "pk": 41, "fields": {"name": "Can add social application", "content_type": 11, "codename": "add_socialapp"}}, {"model": "auth.permission", "pk": 42, "fields": {"name": "Can change social application", "content_type": 11, "codename": "change_socialapp"}}, {"model": "auth.permission", "pk": 43, "fields": {"name": "Can delete social application", "content_type": 11, "codename": "delete_socialapp"}}, {"model": "auth.permission", "pk": 44, "fields": {"name": "Can view social application", "content_type": 11, "codename": "view_socialapp"}}, {"model": "auth.permission", "pk": 45, "fields": {"name": "Can add social application token", "content_type": 12, "codename": "add_socialtoken"}}, {"model": "auth.permission", "pk": 46, "fields": {"name": "Can change social application token", "content_type": 12, "codename": "change_socialtoken"}}, {"model": "auth.permission", "pk": 47, "fields": {"name": "Can delete social application token", "content_type": 12, "codename": "delete_socialtoken"}}, {"model": "auth.permission", "pk": 48, "fields": {"name": "Can view social application token", "content_type": 12, "codename": "view_socialtoken"}}, {"model": "auth.permission", "pk": 49, "fields": {"name": "Can add address", "content_type": 13, "codename": "add_address"}}, {"model": "auth.permission", "pk": 50, "fields": {"name": "Can change address", "content_type": 13, "codename": "change_address"}}, {"model": "auth.permission", "pk": 51, "fields": {"name": "Can delete address", "content_type": 13, "codename": "delete_address"}}, {"model": "auth.permission", "pk": 52, "fields": {"name": "Can view address", "content_type": 13, "codename": "view_address"}}, {"model": "auth.permission", "pk": 53, "fields": {"name": "Can add coupon", "content_type": 14, "codename": "add_coupon"}}, {"model": "auth.permission", "pk": 54, "fields": {"name": "Can change coupon", "content_type": 14, "codename": "change_coupon"}}, {"model": "auth.permission", "pk": 55, "fields": {"name": "Can delete coupon", "content_type": 14, "codename": "delete_coupon"}}, {"model": "auth.permission", "pk": 56, "fields": {"name": "Can view coupon", "content_type": 14, "codename": "view_coupon"}}, {"model": "auth.permission", "pk": 57, "fields": {"name": "Can add item", "content_type": 15, "codename": "add_item"}}, {"model": "auth.permission", "pk": 58, "fields": {"name": "Can change item", "content_type": 15, "codename": "change_item"}}, {"model": "auth.permission", "pk": 59, "fields": {"name": "Can delete item", "content_type": 15, "codename": "delete_item"}}, {"model": "auth.permission", "pk": 60, "fields": {"name": "Can view item", "content_type": 15, "codename": "view_item"}}, {"model": "auth.permission", "pk": 61, "fields": {"name": "Can add order", "content_type": 16, "codename": "add_order"}}, {"model": "auth.permission", "pk": 62, "fields": {"name": "Can change order", "content_type": 16, "codename": "change_order"}}, {"model": "auth.permission", "pk": 63, "fields": {"name": "Can delete order", "content_type": 16, "codename": "delete_order"}}, {"model": "auth.permission", "pk": 64, "fields": {"name": "Can view order", "content_type": 16, "codename": "view_order"}}, {"model": "auth.permission", "pk": 65, "fields": {"name": "Can add refund", "content_type": 17, "codename": "add_refund"}}, {"model": "auth.permission", "pk": 66, "fields": {"name": "Can change refund", "content_type": 17, "codename": "change_refund"}}, {"model": "auth.permission", "pk": 67, "fields": {"name": "Can delete refund", "content_type": 17, "codename": "delete_refund"}}, {"model": "auth.permission", "pk": 68, "fields": {"name": "Can view refund", "content_type": 17, "codename": "view_refund"}}, {"model": "auth.permission", "pk": 69, "fields": {"name": "Can add payment", "content_type": 18, "codename": "add_payment"}}, {"model": "auth.permission", "pk": 70, "fields": {"name": "Can change payment", "content_type": 18, "codename": "change_payment"}}, {"model": "auth.permission", "pk": 71, "fields": {"name": "Can delete payment", "content_type": 18, "codename": "delete_payment"}}, {"model": "auth.permission", "pk": 72, "fields": {"name": "Can view payment", "content_type": 18, "codename": "view_payment"}}, {"model": "auth.permission", "pk": 73, "fields": {"name": "Can add order item", "content_type": 19, "codename": "add_orderitem"}}, {"model": "auth.permission", "pk": 74, "fields": {"name": "Can change order item", "content_type": 19, "codename": "change_orderitem"}}, {"model": "auth.permission", "pk": 75, "fields": {"name": "Can delete order item", "content_type": 19, "codename": "delete_orderitem"}}, {"model": "auth.permission", "pk": 76, "fields": {"name": "Can view order item", "content_type": 19, "codename": "view_orderitem"}}, {"model": "auth.permission", "pk": 77, "fields": {"name": "Can add user profile", "content_type": 20, "codename": "add_userprofile"}}, {"model": "auth.permission", "pk": 78, "fields": {"name": "Can change user profile", "content_type": 20, "codename": "change_userprofile"}}, {"model": "auth.permission", "pk": 79, "fields": {"name": "Can delete user profile", "content_type": 20, "codename": "delete_userprofile"}}, {"model": "auth.permission", "pk": 80, "fields": {"name": "Can view user profile", "content_type": 20, "codename": "view_userprofile"}}, {"model": "auth.permission", "pk": 81, "fields": {"name": "Can add association", "content_type": 21, "codename": "add_association"}}, {"model": "auth.permission", "pk": 82, "fields": {"name": "Can change association", "content_type": 21, "codename": "change_association"}}, {"model": "auth.permission", "pk": 83, "fields": {"name": "Can delete association", "content_type": 21, "codename": "delete_association"}}, {"model": "auth.permission", "pk": 84, "fields": {"name": "Can view association", "content_type": 21, "codename": "view_association"}}, {"model": "auth.permission", "pk": 85, "fields": {"name": "Can add code", "content_type": 22, "codename": "add_code"}}, {"model": "auth.permission", "pk": 86, "fields": {"name": "Can change code", "content_type": 22, "codename": "change_code"}}, {"model": "auth.permission", "pk": 87, "fields": {"name": "Can delete code", "content_type": 22, "codename": "delete_code"}}, {"model": "auth.permission", "pk": 88, "fields": {"name": "Can view code", "content_type": 22, "codename": "view_code"}}, {"model": "auth.permission", "pk": 89, "fields": {"name": "Can add nonce", "content_type": 23, "codename": "add_nonce"}}, {"model": "auth.permission", "pk": 90, "fields": {"name": "Can change nonce", "content_type": 23, "codename": "change_nonce"}}, {"model": "auth.permission", "pk": 91, "fields": {"name": "Can delete nonce", "content_type": 23, "codename": "delete_nonce"}}, {"model": "auth.permission", "pk": 92, "fields": {"name": "Can view nonce", "content_type": 23, "codename": "view_nonce"}}, {"model": "auth.permission", "pk": 93, "fields": {"name": "Can add user social auth", "content_type": 24, "codename": "add_usersocialauth"}}, {"model": "auth.permission", "pk": 94, "fields": {"name": "Can change user social auth", "content_type": 24, "codename": "change_usersocialauth"}}, {"model": "auth.permission", "pk": 95, "fields": {"name": "Can delete user social auth", "content_type": 24, "codename": "delete_usersocialauth"}}, {"model": "auth.permission", "pk": 96, "fields": {"name": "Can view user social auth", "content_type": 24, "codename": "view_usersocialauth"}}, {"model": "auth.permission", "pk": 97, "fields": {"name": "Can add partial", "content_type": 25, "codename": "add_partial"}}, {"model": "auth.permission", "pk": 98, "fields": {"name": "Can change partial", "content_type": 25, "codename": "change_partial"}}, {"model": "auth.permission", "pk": 99, "fields": {"name": "Can delete partial", "content_type": 25, "codename": "delete_partial"}}, {"model": "auth.permission", "pk": 100, "fields": {"name": "Can view partial", "content_type": 25, "codename": "view_partial"}}, {"model": "auth.permission", "pk": 101, "fields": {"name": "Can add net orders", "content_type": 26, "codename": "add_netorders"}}, {"model": "auth.permission", "pk": 102, "fields": {"name": "Can change net orders", "content_type": 26, "codename": "change_netorders"}}, {"model": "auth.permission", "pk": 103, "fields": {"name": "Can delete net orders", "content_type": 26, "codename": "delete_netorders"}}, {"model": "auth.permission", "pk": 104, "fields": {"name": "Can view net orders", "content_type": 26, "codename": "view_netorders"}}, {"model": "auth.permission", "pk": 105, "fields": {"name": "Can add closed_ dates", "content_type": 27, "codename": "add_closed_dates"}}, {"model": "auth.permission", "pk": 106, "fields": {"name": "Can change closed_ dates", "content_type": 27, "codename": "change_closed_dates"}}, {"model": "auth.permission", "pk": 107, "fields": {"name": "Can delete closed_ dates", "content_type": 27, "codename": "delete_closed_dates"}}, {"model": "auth.permission", "pk": 108, "fields": {"name": "Can view closed_ dates", "content_type": 27, "codename": "view_closed_dates"}}, {"model": "auth.permission", "pk": 109, "fields": {"name": "Can add closed dates", "content_type": 28, "codename": "add_closeddates"}}, {"model": "auth.permission", "pk": 110, "fields": {"name": "Can change closed dates", "content_type": 28, "codename": "change_closeddates"}}, {"model": "auth.permission", "pk": 111, "fields": {"name": "Can delete closed dates", "content_type": 28, "codename": "delete_closeddates"}}, {"model": "auth.permission", "pk": 112, "fields": {"name": "Can view closed dates", "content_type": 28, "codename": "view_closeddates"}}, {"model": "auth.permission", "pk": 113, "fields": {"name": "Can add current window", "content_type": 29, "codename": "add_currentwindow"}}, {"model": "auth.permission", "pk": 114, "fields": {"name": "Can change current window", "content_type": 29, "codename": "change_currentwindow"}}, {"model": "auth.permission", "pk": 115, "fields": {"name": "Can delete current window", "content_type": 29, "codename": "delete_currentwindow"}}, {"model": "auth.permission", "pk": 116, "fields": {"name": "Can view current window", "content_type": 29, "codename": "view_currentwindow"}}, {"model": "auth.permission", "pk": 117, "fields": {"name": "Can add input dates", "content_type": 30, "codename": "add_inputdates"}}, {"model": "auth.permission", "pk": 118, "fields": {"name": "Can change input dates", "content_type": 30, "codename": "change_inputdates"}}, {"model": "auth.permission", "pk": 119, "fields": {"name": "Can delete input dates", "content_type": 30, "codename": "delete_inputdates"}}, {"model": "auth.permission", "pk": 120, "fields": {"name": "Can view input dates", "content_type": 30, "codename": "view_inputdates"}}, {"model": "auth.permission", "pk": 121, "fields": {"name": "Can add cutoff time", "content_type": 31, "codename": "add_cutofftime"}}, {"model": "auth.permission", "pk": 122, "fields": {"name": "Can change cutoff time", "content_type": 31, "codename": "change_cutofftime"}}, {"model": "auth.permission", "pk": 123, "fields": {"name": "Can delete cutoff time", "content_type": 31, "codename": "delete_cutofftime"}}, {"model": "auth.permission", "pk": 124, "fields": {"name": "Can view cutoff time", "content_type": 31, "codename": "view_cutofftime"}}, {"model": "auth.permission", "pk": 125, "fields": {"name": "Can add closed date", "content_type": 32, "codename": "add_closeddate"}}, {"model": "auth.permission", "pk": 126, "fields": {"name": "Can change closed date", "content_type": 32, "codename": "change_closeddate"}}, {"model": "auth.permission", "pk": 127, "fields": {"name": "Can delete closed date", "content_type": 32, "codename": "delete_closeddate"}}, {"model": "auth.permission", "pk": 128, "fields": {"name": "Can view closed date", "content_type": 32, "codename": "view_closeddate"}}, {"model": "auth.permission", "pk": 129, "fields": {"name": "Can add item variations", "content_type": 33, "codename": "add_itemvariations"}}, {"model": "auth.permission", "pk": 130, "fields": {"name": "Can change item variations", "content_type": 33, "codename": "change_itemvariations"}}, {"model": "auth.permission", "pk": 131, "fields": {"name": "Can delete item variations", "content_type": 33, "codename": "delete_itemvariations"}}, {"model": "auth.permission", "pk": 132, "fields": {"name": "Can view item variations", "content_type": 33, "codename": "view_itemvariations"}}, {"model": "auth.permission", "pk": 133, "fields": {"name": "Can add item variation", "content_type": 33, "codename": "add_itemvariation"}}, {"model": "auth.permission", "pk": 134, "fields": {"name": "Can change item variation", "content_type": 33, "codename": "change_itemvariation"}}, {"model": "auth.permission", "pk": 135, "fields": {"name": "Can delete item variation", "content_type": 33, "codename": "delete_itemvariation"}}, {"model": "auth.permission", "pk": 136, "fields": {"name": "Can view item variation", "content_type": 33, "codename": "view_itemvariation"}}, {"model": "auth.permission", "pk": 137, "fields": {"name": "Can add net item", "content_type": 34, "codename": "add_netitem"}}, {"model": "auth.permission", "pk": 138, "fields": {"name": "Can change net item", "content_type": 34, "codename": "change_netitem"}}, {"model": "auth.permission", "pk": 139, "fields": {"name": "Can delete net item", "content_type": 34, "codename": "delete_netitem"}}, {"model": "auth.permission", "pk": 140, "fields": {"name": "Can view net item", "content_type": 34, "codename": "view_netitem"}}, {"model": "auth.user", "pk": 1, "fields": {"password": "pbkdf2_sha256$150000$z0VZDbvAWVr5$EuaWQ0vydMdhlCEZxAC6LsUlZGc2FZixMdfocSFvqVY=", "last_login": "2020-08-31T21:58:26.291Z", "is_superuser": true, "username": "Admin", "first_name": "", "last_name": "", "email": "", "is_staff": true, "is_active": true, "date_joined": "2019-06-16T20:54:22Z", "groups": [], "user_permissions": []}}, {"model": "auth.user", "pk": 4, "fields": {"password": "pbkdf2_sha256$150000$oGErMxEm7AbE$jZcbDHDTgKygoPGuCYxTSmFfKl9CYk5ttSVHgW48Cm4=", "last_login": "2020-08-31T00:28:03.065Z", "is_superuser": true, "username": "liammobbs", "first_name": "Liam", "last_name": "Mobbs", "email": "liammobbs@gmail.com", "is_staff": true, "is_active": true, "date_joined": "2020-03-14T23:27:09Z", "groups": [], "user_permissions": [29, 30, 31, 32, 33, 34, 35, 36, 1, 2, 3, 4, 9, 10, 11, 12, 5, 6, 7, 8, 13, 14, 15, 16, 17, 18, 19, 20, 49, 50, 51, 52, 53, 54, 55, 56, 57, 58, 59, 60, 61, 62, 63, 64, 73, 74, 75, 76, 69, 70, 71, 72, 65, 66, 67, 68, 77, 78, 79, 80, 21, 22, 23, 24, 25, 26, 27, 28, 81, 82, 83, 84, 85, 86, 87, 88, 89, 90, 91, 92, 97, 98, 99, 100, 93, 94, 95, 96, 37, 38, 39, 40, 41, 42, 43, 44, 45, 46, 47, 48]}}, {"model": "auth.user", "pk": 7, "fields": {"password": "!fMJqzPOOeum1mCqGu84ULTBQyIj3EeYLnbToIUXH", "last_login": "2020-09-01T02:20:32.896Z", "is_superuser": true, "username": "lm18208", "first_name": "Liam", "last_name": "Mobbs", "email": "lm18208@students.sacredheart.school.nz", "is_staff": true, "is_active": true, "date_joined": "2020-05-25T07:43:30Z", "groups": [], "user_permissions": []}}, {"model": "auth.user", "pk": 8, "fields": {"password": "!PBEj538bfdZ3LvWFltfs2ua3Gc0FT8cleSbCbrTY", "last_login": null, "is_superuser": false, "username": "dh16170", "first_name": "Daniel", "last_name": "Hawes", "email": "dh16170@students.sacredheart.school.nz", "is_staff": false, "is_active": true, "date_joined": "2020-05-25T22:05:08Z", "groups": [], "user_permissions": []}}, {"model": "auth.user", "pk": 9, "fields": {"password": "!nxi5jjWFDMUmkUhphVQOdNeUCyLBPj7ngQS0S06T", "last_login": "2020-05-25T23:13:25Z", "is_superuser": false, "username": "dganess", "first_name": "Devan", "last_name": "Ganess", "email": "dganess@sacredheart.school.nz", "is_staff": false, "is_active": true, "date_joined": "2020-05-25T23:13:25Z", "groups": [], "user_permissions": []}}, {"model": "auth.user", "pk": 10, "fields": {"password": "!uqnkjxu1Nl5R9izrxFRjXooLF4eBrEbAimMQ201D", "last_login": "2020-05-26T02:34:37Z", "is_superuser": false, "username": "me14001", "first_name": "Matthew", "last_name": "Eadie", "email": "me14001@students.sacredheart.school.nz", "is_staff": false, "is_active": true, "date_joined": "2020-05-26T02:34:37Z", "groups": [], "user_permissions": []}}, {"model": "auth.user", "pk": 11, "fields": {"password": "!SqwVzZX9tkqRVuTvxftjZGRw0YxULeoXzkrj9lFK", "last_login": "2020-05-28T02:07:58Z", "is_superuser": false, "username": "bb14176", "first_name": "Benjamin", "last_name": "Blackhall", "email": "bb14176@students.sacredheart.school.nz", "is_staff": false, "is_active": true, "date_joined": "2020-05-28T02:04:30Z", "groups": [], "user_permissions": []}}, {"model": "auth.user", "pk": 12, "fields": {"password": "!BJUiAcXLojgBBS17FsLutkXGB8aHhU8nQHmXxwHW", "last_login": "2020-05-28T04:03:17.788Z", "is_superuser": false, "username": "ms14126", "first_name": "Matthew", "last_name": "Sutton", "email": "ms14126@students.sacredheart.school.nz", "is_staff": false, "is_active": true, "date_joined": "2020-05-28T02:09:13Z", "groups": [], "user_permissions": []}}, {"model": "auth.user", "pk": 15, "fields": {"password": "pbkdf2_sha256$150000$eykvjG820YAC$/ILVYwKDOGjhF/Tum1EoiJ4JToAMeb0jLZpNsNp+gGI=", "last_login": null, "is_superuser": false, "username": "swaggy420", "first_name": "", "last_name": "", "email": "swaggy420@swag.com", "is_staff": false, "is_active": true, "date_joined": "2020-06-04T22:04:00.828Z", "groups": [], "user_permissions": []}}, {"model": "auth.user", "pk": 18, "fields": {"password": "pbkdf2_sha256$150000$POkwt79kmarH$7ebvUoa1k97pWAiYBhCbtHt6eiiomKbRoZ3Hlz6vm8g=", "last_login": "2020-06-18T22:21:04.590Z", "is_superuser": false, "username": "Mr_Ganess", "first_name": "", "last_name": "", "email": "", "is_staff": false, "is_active": true, "date_joined": "2020-06-18T22:09:58Z", "groups": [], "user_permissions": []}}, {"model": "auth.user", "pk": 19, "fields": {"password": "pbkdf2_sha256$150000$npp7mfmPY62M$VZqt2VYOvsnhwdoLTfFmiHHpy9Aj7+wgQS4LfmB2nvw=", "last_login": "2020-07-26T22:13:10.513Z", "is_superuser": false, "username": "test", "first_name": "", "last_name": "", "email": "", "is_staff": false, "is_active": true, "date_joined": "2020-07-26T22:13:10.235Z", "groups": [], "user_permissions": []}}, {"model": "auth.user", "pk": 20, "fields": {"password": "pbkdf2_sha256$150000$8zBO5emzIe2v$S8RizIO2JblGv4c8nN3yHdr7hklTbyI2HuMhusR+Qrc=", "last_login": null, "is_superuser": false, "username": "test2", "first_name": "", "last_name": "", "email": "test2@test.com", "is_staff": false, "is_active": true, "date_joined": "2020-07-29T04:34:08.875Z", "groups": [], "user_permissions": []}}, {"model": "auth.user", "pk": 21, "fields": {"password": "pbkdf2_sha256$150000$qa6FyJvZwJyQ$cvbqxzQ7znyo0riAksj1d/RXlBwr4d4BPzD5fr4jyu0=", "last_login": null, "is_superuser": false, "username": "test333", "first_name": "", "last_name": "", "email": "test333@test.com", "is_staff": false, "is_active": true, "date_joined": "2020-07-29T04:40:28.016Z", "groups": [], "user_permissions": []}}, {"model": "auth.user", "pk": 22, "fields": {"password": "pbkdf2_sha256$150000$lEwU3kpI1NQH$DV3xInEhwO7Ijwms3KHJG4Rzg7diBUK2YcUaMrjc+38=", "last_login": "2020-07-29T04:42:51.448Z", "is_superuser": false, "username": "test123", "first_name": "", "last_name": "", "email": "", "is_staff": false, "is_active": true, "date_joined": "2020-07-29T04:42:51.221Z", "groups": [], "user_permissions": []}}, {"model": "auth.user", "pk": 23, "fields": {"password": "pbkdf2_sha256$150000$NyXRYwb3ocKW$VXJmjkikfzQ0cBFZXBzd8NtCEI8uygEcpdzgqlPuU2Y=", "last_login": null, "is_superuser": false, "username": "test125", "first_name": "", "last_name": "", "email": "test555@gmail.com", "is_staff": false, "is_active": true, "date_joined": "2020-07-29T04:43:27.951Z", "groups": [], "user_permissions": []}}, {"model": "auth.user", "pk": 24, "fields": {"password": "pbkdf2_sha256$150000$lDXZuzImFmSE$9dNfyWRP/f4FStNZBIJevfNtyhdaGQK1en1k/vqVjIM=", "last_login": "2020-07-29T04:45:09.031Z", "is_superuser": false, "username": "test126", "first_name": "", "last_name": "", "email": "test555@test.com", "is_staff": false, "is_active": true, "date_joined": "2020-07-29T04:44:39.858Z", "groups": [], "user_permissions": []}}, {"model": "auth.user", "pk": 25, "fields": {"password": "pbkdf2_sha256$150000$Ri2OT1oNIDqH$o7e8w1DgzHVyv+GPwBwbBMKXKGoIXSQFO5wya02ap8o=", "last_login": "2020-07-29T04:46:57.483Z", "is_superuser": false, "username": "test5", "first_name": "", "last_name": "", "email": "test2@gmail.com", "is_staff": false, "is_active": true, "date_joined": "2020-07-29T04:46:57.151Z", "groups": [], "user_permissions": []}}, {"model": "auth.user", "pk": 29, "fields": {"password": "pbkdf2_sha256$150000$PJ1bwzR2MZeP$yOMp9mfnqwBR+tg0lfnBS0N3ukeGkX+WQsihai5tRds=", "last_login": "2020-07-30T02:17:25.352Z", "is_superuser": false, "username": "Testdg", "first_name": "", "last_name": "", "email": "", "is_staff": false, "is_active": true, "date_joined": "2020-07-30T02:07:51.699Z", "groups": [], "user_permissions": []}}, {"model": "auth.user", "pk": 30, "fields": {"password": "pbkdf2_sha256$150000$DhRG6OJ0w6Cb$xhm+mSTV5e6BIEU+z2/p5f2WgYg/5kj9GZbuWGcHwwo=", "last_login": "2020-07-30T03:39:47.750Z", "is_superuser": false, "username": "Test2020", "first_name": "", "last_name": "", "email": "jcornford@sacredheart.school.nz", "is_staff": false, "is_active": true, "date_joined": "2020-07-30T03:39:47.575Z", "groups": [], "user_permissions": []}}, {"model": "auth.user", "pk": 31, "fields": {"password": "pbkdf2_sha256$150000$wRwCi4C2ZPDe$BO5SDhyhkV88P5iBbqZR99xPB0Vx9RrXqMBabvFb0QI=", "last_login": "2020-07-30T03:40:31.555Z", "is_superuser": false, "username": "Marygraham", "first_name": "", "last_name": "", "email": "", "is_staff": false, "is_active": true, "date_joined": "2020-07-30T03:40:31.399Z", "groups": [], "user_permissions": []}}, {"model": "auth.user", "pk": 32, "fields": {"password": "pbkdf2_sha256$150000$cyvtxGQl6PuQ$CXaTaTB72anFprsi1xtas/VDqAhQ32C/GEsyXONn8Fo=", "last_login": "2020-07-30T03:47:21.946Z", "is_superuser": false, "username": "dvcexpo1", "first_name": "", "last_name": "", "email": "", "is_staff": false, "is_active": true, "date_joined": "2020-07-30T03:47:21.791Z", "groups": [], "user_permissions": []}}, {"model": "auth.user", "pk": 33, "fields": {"password": "pbkdf2_sha256$150000$BJYJwB8N4nLX$JSyF6tm9OQhY6pvWHvt5oGIytPqHv+kBQhGMQFO2Src=", "last_login": "2020-07-30T03:47:51.848Z", "is_superuser": false, "username": "dvcexpo2", "first_name": "", "last_name": "", "email": "", "is_staff": false, "is_active": true, "date_joined": "2020-07-30T03:47:51.691Z", "groups": [], "user_permissions": []}}, {"model": "auth.user", "pk": 34, "fields": {"password": "pbkdf2_sha256$150000$wnwmMT1tJPYk$YQFV9y4AJJKH/T+jfmEe9I8C098MdHlqdly3TzcisNU=", "last_login": "2020-07-30T22:30:35.555Z", "is_superuser": false, "username": "bigdog2000", "first_name": "", "last_name": "", "email": "", "is_staff": false, "is_active": true, "date_joined": "2020-07-30T22:28:34.276Z", "groups": [], "user_permissions": []}}, {"model": "auth.user", "pk": 35, "fields": {"password": "pbkdf2_sha256$150000$VyuffUDAj7zE$jWYE1eSOzbcI2CJf1xhxjWNKwKKO3TMAGNHtcMu3Cro=", "last_login": "2020-07-30T22:28:40.367Z", "is_superuser": false, "username": "Bogus", "first_name": "", "last_name": "", "email": "", "is_staff": false, "is_active": true, "date_joined": "2020-07-30T22:28:40.206Z", "groups": [], "user_permissions": []}}, {"model": "auth.user", "pk": 36, "fields": {"password": "!a4FKMZOrfT6F5owwAnNGbI3y3Ji8LQdXvXRqNpta", "last_login": "2020-08-11T02:34:27.674Z", "is_superuser": false, "username": "liam", "first_name": "Liam", "last_name": "Mobbs", "email": "liammobbs@googlemail.com", "is_staff": false, "is_active": true, "date_joined": "2020-08-11T02:34:27.621Z", "groups": [], "user_permissions": []}}, {"model": "account.emailaddress", "pk": 2, "fields": {"user": 7, "email": "lm18208@students.sacredheart.school.nz", "verified": true, "primary": true}}, {"model": "account.emailaddress", "pk": 3, "fields": {"user": 9, "email": "dganess@sacredheart.school.nz", "verified": true, "primary": true}}, {"model": "account.emailaddress", "pk": 4, "fields": {"user": 10, "email": "me14001@students.sacredheart.school.nz", "verified": true, "primary": true}}, {"model": "account.emailaddress", "pk": 5, "fields": {"user": 11, "email": "bb14176@students.sacredheart.school.nz", "verified": true, "primary": true}}, {"model": "account.emailaddress", "pk": 6, "fields": {"user": 12, "email": "ms14126@students.sacredheart.school.nz", "verified": true, "primary": true}}, {"model": "account.emailaddress", "pk": 8, "fields": {"user": 15, "email": "swaggy420@swag.com", "verified": false, "primary": true}}, {"model": "account.emailaddress", "pk": 9, "fields": {"user": 20, "email": "test2@test.com", "verified": false, "primary": true}}, {"model": "account.emailaddress", "pk": 10, "fields": {"user": 21, "email": "test333@test.com", "verified": false, "primary": true}}, {"model": "account.emailaddress", "pk": 11, "fields": {"user": 23, "email": "test555@gmail.com", "verified": false, "primary": true}}, {"model": "account.emailaddress", "pk": 12, "fields": {"user": 24, "email": "test555@test.com", "verified": false, "primary": true}}, {"model": "account.emailaddress", "pk": 13, "fields": {"user": 25, "email": "test2@gmail.com", "verified": false, "primary": true}}, {"model": "account.emailaddress", "pk": 15, "fields": {"user": 30, "email": "jcornford@sacredheart.school.nz", "verified": false, "primary": true}}, {"model": "account.emailaddress", "pk": 16, "fields": {"user": 36, "email": "liammobbs@googlemail.com", "verified": true, "primary": true}}, {"model": "socialaccount.socialaccount", "pk": 1, "fields": {"user": 7, "provider": "google", "uid": "102504213724320838471", "last_login": "2020-09-01T02:20:32.837Z", "date_joined": "2020-05-25T07:43:30.276Z", "extra_data": "{\"id\": \"102504213724320838471\", \"email\": \"lm18208@students.sacredheart.school.nz\", \"verified_email\": true, \"name\": \"Liam Mobbs\", \"given_name\": \"Liam\", \"family_name\": \"Mobbs\", \"picture\": \"https://lh3.googleusercontent.com/-0J07Xvc5xtk/AAAAAAAAAAI/AAAAAAAAAAA/AMZuuck5u3WosrYGWOYUokxyRX6u-FYAsg/photo.jpg\", \"locale\": \"en-GB\", \"hd\": \"students.sacredheart.school.nz\"}"}}, {"model": "socialaccount.socialaccount", "pk": 2, "fields": {"user": 9, "provider": "google", "uid": "106279340821129579107", "last_login": "2020-05-25T23:13:25.565Z", "date_joined": "2020-05-25T23:13:25.565Z", "extra_data": "{\"id\": \"106279340821129579107\", \"email\": \"dganess@sacredheart.school.nz\", \"verified_email\": true, \"name\": \"Devan Ganess\", \"given_name\": \"Devan\", \"family_name\": \"Ganess\", \"picture\": \"https://lh6.googleusercontent.com/-0_fqb5iGgcE/AAAAAAAAAAI/AAAAAAAAAAA/AMZuucmaYaCCn_OizBE3_AgX2qS4LgQgMw/photo.jpg\", \"locale\": \"en-GB\", \"hd\": \"sacredheart.school.nz\"}"}}, {"model": "socialaccount.socialaccount", "pk": 3, "fields": {"user": 10, "provider": "google", "uid": "107160993423240308529", "last_login": "2020-05-26T02:34:37.646Z", "date_joined": "2020-05-26T02:34:37.646Z", "extra_data": "{\"id\": \"107160993423240308529\", \"email\": \"me14001@students.sacredheart.school.nz\", \"verified_email\": true, \"name\": \"Matthew Eadie\", \"given_name\": \"Matthew\", \"family_name\": \"Eadie\", \"picture\": \"https://lh3.googleusercontent.com/a-/AOh14GhtBhdSVxRCuFU5UTLvrv1NN3Ah_cS-FpSlF0zFkA\", \"locale\": \"en-GB\", \"hd\": \"students.sacredheart.school.nz\"}"}}, {"model": "socialaccount.socialaccount", "pk": 4, "fields": {"user": 11, "provider": "google", "uid": "106372115167911383949", "last_login": "2020-05-28T02:07:57.974Z", "date_joined": "2020-05-28T02:04:30.297Z", "extra_data": "{\"id\": \"106372115167911383949\", \"email\": \"bb14176@students.sacredheart.school.nz\", \"verified_email\": true, \"name\": \"Benjamin Blackhall\", \"given_name\": \"Benjamin\", \"family_name\": \"Blackhall\", \"picture\": \"https://lh3.googleusercontent.com/a-/AOh14GhY9rltgrDs7ZlBWLoOdRiACldIw89q84eeQr13\", \"locale\": \"en-GB\", \"hd\": \"students.sacredheart.school.nz\"}"}}, {"model": "socialaccount.socialaccount", "pk": 5, "fields": {"user": 12, "provider": "google", "uid": "108011611891741325054", "last_login": "2020-05-28T04:03:17.702Z", "date_joined": "2020-05-28T02:09:13.629Z", "extra_data": "{\"id\": \"108011611891741325054\", \"email\": \"ms14126@students.sacredheart.school.nz\", \"verified_email\": true, \"name\": \"Matthew Sutton\", \"given_name\": \"Matthew\", \"family_name\": \"Sutton\", \"picture\": \"https://lh3.googleusercontent.com/a-/AOh14GjYLEvNrWhqcnpJ_QbHRzx3Tc7K5zVJwRv3WYPbyg\", \"locale\": \"en-GB\", \"hd\": \"students.sacredheart.school.nz\"}"}}, {"model": "socialaccount.socialaccount", "pk": 6, "fields": {"user": 36, "provider": "google", "uid": "105586963726245983027", "last_login": "2020-08-11T02:34:27.662Z", "date_joined": "2020-08-11T02:34:27.662Z", "extra_data": "{\"id\": \"105586963726245983027\", \"email\": \"liammobbs@googlemail.com\", \"verified_email\": true, \"name\": \"Liam Mobbs\", \"given_name\": \"Liam\", \"family_name\": \"Mobbs\", \"picture\": \"https://lh4.googleusercontent.com/-aCeBB76iSE0/AAAAAAAAAAI/AAAAAAAAAAA/AMZuucnhq1c1EY_BZbn3DYUHLFkqaWEW9w/photo.jpg\", \"locale\": \"en\"}"}}, {"model": "core.userprofile", "pk": 1, "fields": {"user": 1, "firstname": "", "lastname": "", "user_email": ""}}, {"model": "core.userprofile", "pk": 3, "fields": {"user": 4, "firstname": "Liam", "lastname": "Mobbs", "user_email": "liammobbs@gmail.com"}}, {"model": "core.userprofile", "pk": 6, "fields": {"user": 7, "firstname": "Liam", "lastname": "Mobbs", "user_email": "lm18208@students.sacredheart.school.nz"}}, {"model": "core.userprofile", "pk": 7, "fields": {"user": 8, "firstname": "Daniel", "lastname": "Hawes", "user_email": "dh16170@students.sacredheart.school.nz"}}, {"model": "core.userprofile", "pk": 8, "fields": {"user": 9, "firstname": "Devan", "lastname": "Ganess", "user_email": "dganess@sacredheart.school.nz"}}, {"model": "core.userprofile", "pk": 9, "fields": {"user": 10, "firstname": "Matthew", "lastname": "Eadie", "user_email": "me14001@students.sacredheart.school.nz"}}, {"model": "core.userprofile", "pk": 10, "fields": {"user": 11, "firstname": "Benjamin", "lastname": "Blackhall", "user_email": "bb14176@students.sacredheart.school.nz"}}, {"model": "core.userprofile", "pk": 11, "fields": {"user": 12, "firstname": "Matthew", "lastname": "Sutton", "user_email": "ms14126@students.sacredheart.school.nz"}}, {"model": "core.userprofile", "pk": 14, "fields": {"user": 15, "firstname": "", "lastname": "", "user_email": "swaggy420@swag.com"}}, {"model": "core.userprofile", "pk": 17, "fields": {"user": 18, "firstname": "", "lastname": "", "user_email": ""}}, {"model": "core.userprofile", "pk": 18, "fields": {"user": 19, "firstname": "", "lastname": "", "user_email": ""}}, {"model": "core.userprofile", "pk": 19, "fields": {"user": 20, "firstname": "", "lastname": "", "user_email": "test2@test.com"}}, {"model": "core.userprofile", "pk": 20, "fields": {"user": 21, "firstname": "", "lastname": "", "user_email": "test333@test.com"}}, {"model": "core.userprofile", "pk": 21, "fields": {"user": 22, "firstname": "", "lastname": "", "user_email": ""}}, {"model": "core.userprofile", "pk": 22, "fields": {"user": 23, "firstname": "", "lastname": "", "user_email": "test555@gmail.com"}}, {"model": "core.userprofile", "pk": 23, "fields": {"user": 24, "firstname": "", "lastname": "", "user_email": "test555@test.com"}}, {"model": "core.userprofile", "pk": 24, "fields": {"user": 25, "firstname": "", "lastname": "", "user_email": "test2@gmail.com"}}, {"model": "core.userprofile", "pk": 28, "fields": {"user": 29, "firstname": "", "lastname": "", "user_email": ""}}, {"model": "core.userprofile", "pk": 29, "fields": {"user": 30, "firstname": "", "lastname": "", "user_email": "jcornford@sacredheart.school.nz"}}, {"model": "core.userprofile", "pk": 30, "fields": {"user": 31, "firstname": "", "lastname": "", "user_email": ""}}, {"model": "core.userprofile", "pk": 31, "fields": {"user": 32, "firstname": "", "lastname": "", "user_email": ""}}, {"model": "core.userprofile", "pk": 32, "fields": {"user": 33, "firstname": "", "lastname": "", "user_email": ""}}, {"model": "core.userprofile", "pk": 33, "fields": {"user": 34, "firstname": "", "lastname": "", "user_email": ""}}, {"model": "core.userprofile", "pk": 34, "fields": {"user": 35, "firstname": "", "lastname": "", "user_email": ""}}, {"model": "core.userprofile", "pk": 35, "fields": {"user": 36, "firstname": "Liam", "lastname": "Mobbs", "user_email": "liammobbs@googlemail.com"}}, {"model": "core.orderitem", "pk": 204, "fields": {"user": 7, "ordered": true, "title": "G Force (Orange/Mandarin)", "price": "4.00", "slug": "g-force-orangemandarin", "item": 36, "item_variations": 13, "quantity": 1}}, {"model": "core.orderitem", "pk": 205, "fields": {"user": 7, "ordered": true, "title": "Croissant", "price": "4.00", "slug": "croissant", "item": 13, "item_variations": null, "quantity": 1}}, {"model": "core.orderitem", "pk": 206, "fields": {"user": 7, "ordered": true, "title": "Chicken Sub", "price": "3.50", "slug": "chicken-sub", "item": 4, "item_variations": null, "quantity": 1}}, {"model": "core.orderitem", "pk": 207, "fields": {"user": 7, "ordered": true, "title": "Mizone 750mL (Apple)", "price": "4.00", "slug": "mizone-750ml-apple", "item": 42, "item_variations": 4, "quantity": 1}}, {"model": "core.orderitem", "pk": 209, "fields": {"user": 7, "ordered": true, "title": "Chicken Sub", "price": "3.50", "slug": "chicken-sub", "item": 4, "item_variations": null, "quantity": 1}}, {"model": "core.orderitem", "pk": 210, "fields": {"user": 7, "ordered": true, "title": "Turkish Sandwiches", "price": "4.00", "slug": "turkish-sandwiches", "item": 6, "item_variations": null, "quantity": 1}}, {"model": "core.orderitem", "pk": 211, "fields": {"user": 7, "ordered": true, "title": "Vege Chips", "price": "1.50", "slug": "vege-chips", "item": 8, "item_variations": null, "quantity": 1}}, {"model": "core.orderitem", "pk": 212, "fields": {"user": 7, "ordered": true, "title": "Croissant", "price": "4.00", "slug": "croissant", "item": 13, "item_variations": null, "quantity": 1}}, {"model": "core.orderitem", "pk": 213, "fields": {"user": 7, "ordered": true, "title": "Chicken Sub", "price": "3.50", "slug": "chicken-sub", "item": 4, "item_variations": null, "quantity": 1}}, {"model": "core.orderitem", "pk": 214, "fields": {"user": 7, "ordered": true, "title": "Mizone 750mL (Apple)", "price": "4.00", "slug": "mizone-750ml-apple", "item": 42, "item_variations": 4, "quantity": 1}}, {"model": "core.orderitem", "pk": 216, "fields": {"user": 7, "ordered": true, "title": "G Force (Blackcurrent)", "price": "4.00", "slug": "g-force-blackcurrent", "item": 36, "item_variations": 11, "quantity": 2}}, {"model": "core.orderitem", "pk": 217, "fields": {"user": 7, "ordered": true, "title": "Mizone 750mL (Mandarin)", "price": "4.00", "slug": "mizone-750ml-mandarin", "item": 42, "item_variations": 5, "quantity": 1}}, {"model": "core.orderitem", "pk": 219, "fields": {"user": 4, "ordered": true, "title": "Sandwiches", "price": "3.50", "slug": "sandwiches", "item": 5, "item_variations": null, "quantity": 3}}, {"model": "core.orderitem", "pk": 220, "fields": {"user": 4, "ordered": true, "title": "Chicken Sub", "price": "3.50", "slug": "chicken-sub", "item": 4, "item_variations": null, "quantity": 2}}, {"model": "core.orderitem", "pk": 221, "fields": {"user": 4, "ordered": true, "title": "Turkish Sandwiches", "price": "4.00", "slug": "turkish-sandwiches", "item": 6, "item_variations": null, "quantity": 1}}, {"model": "core.orderitem", "pk": 222, "fields": {"user": 4, "ordered": true, "title": "Sandwiches", "price": "3.50", "slug": "sandwiches", "item": 5, "item_variations": null, "quantity": 1}}, {"model": "core.orderitem", "pk": 223, "fields": {"user": 4, "ordered": true, "title": "Paninis", "price": "4.00", "slug": "paninis", "item": 12, "item_variations": null, "quantity": 1}}, {"model": "core.orderitem", "pk": 224, "fields": {"user": 4, "ordered": true, "title": "Mizone 750mL (Mandarin)", "price": "4.00", "slug": "mizone-750ml-mandarin", "item": 42, "item_variations": 5, "quantity": 6}}, {"model": "core.orderitem", "pk": 225, "fields": {"user": 4, "ordered": true, "title": "Croissant", "price": "4.00", "slug": "croissant", "item": 13, "item_variations": null, "quantity": 1}}, {"model": "core.orderitem", "pk": 226, "fields": {"user": 4, "ordered": true, "title": "Chicken Sub", "price": "3.50", "slug": "chicken-sub", "item": 4, "item_variations": null, "quantity": 1}}, {"model": "core.orderitem", "pk": 227, "fields": {"user": 4, "ordered": true, "title": "Lipton Ice Tea 500mL", "price": "3.50", "slug": "lipton-ice-tea-500ml", "item": 41, "item_variations": null, "quantity": 2}}, {"model": "core.orderitem", "pk": 228, "fields": {"user": 4, "ordered": true, "title": "Sandwiches", "price": "3.50", "slug": "sandwiches", "item": 5, "item_variations": null, "quantity": 3}}, {"model": "core.orderitem", "pk": 229, "fields": {"user": 4, "ordered": true, "title": "Lipton Ice Tea 500mL", "price": "3.50", "slug": "lipton-ice-tea-500ml", "item": 41, "item_variations": null, "quantity": 2}}, {"model": "core.orderitem", "pk": 230, "fields": {"user": 4, "ordered": true, "title": "Sandwiches", "price": "3.50", "slug": "sandwiches", "item": 5, "item_variations": null, "quantity": 3}}, {"model": "core.orderitem", "pk": 235, "fields": {"user": 4, "ordered": true, "title": "Croissant", "price": "4.00", "slug": "croissant", "item": 13, "item_variations": null, "quantity": 1}}, {"model": "core.orderitem", "pk": 236, "fields": {"user": 4, "ordered": true, "title": "G Force (Blackcurrent)", "price": "4.00", "slug": "g-force-blackcurrent", "item": 36, "item_variations": 11, "quantity": 2}}, {"model": "core.orderitem", "pk": 237, "fields": {"user": 4, "ordered": true, "title": "Juicies (Lemonade)", "price": "1.00", "slug": "juicies-lemonade", "item": 35, "item_variations": 10, "quantity": 1}}, {"model": "core.orderitem", "pk": 238, "fields": {"user": 4, "ordered": true, "title": "test item", "price": "5.00", "slug": "test-item", "item": null, "item_variations": null, "quantity": 1}}, {"model": "core.orderitem", "pk": 239, "fields": {"user": 4, "ordered": true, "title": "G Force (Blackcurrent)", "price": "4.00", "slug": "g-force-blackcurrent", "item": 36, "item_variations": 11, "quantity": 2}}, {"model": "core.orderitem", "pk": 240, "fields": {"user": 4, "ordered": true, "title": "Juicies (Lemonade)", "price": "1.00", "slug": "juicies-lemonade", "item": 35, "item_variations": 10, "quantity": 1}}, {"model": "core.orderitem", "pk": 241, "fields": {"user": 4, "ordered": true, "title": "test", "price": "5.00", "slug": "test-item", "item": null, "item_variations": null, "quantity": 1}}, {"model": "core.orderitem", "pk": 250, "fields": {"user": 4, "ordered": true, "title": "G Force (Blackcurrent)", "price": "4.00", "slug": "g-force-blackcurrent", "item": 36, "item_variations": 11, "quantity": 2}}, {"model": "core.orderitem", "pk": 251, "fields": {"user": 4, "ordered": true, "title": "Juicies (Lemonade)", "price": "1.00", "slug": "juicies-lemonade", "item": 35, "item_variations": 10, "quantity": 1}}, {"model": "core.orderitem", "pk": 252, "fields": {"user": 4, "ordered": true, "title": "test", "price": "5.00", "slug": "test-item", "item": null, "item_variations": null, "quantity": 1}}, {"model": "core.orderitem", "pk": 253, "fields": {"user": 4, "ordered": true, "title": "Sandwiches", "price": "3.50", "slug": "sandwiches", "item": 5, "item_variations": null, "quantity": 1}}, {"model": "core.orderitem", "pk": 254, "fields": {"user": 4, "ordered": true, "title": "Turkish Sandwiches", "price": "4.00", "slug": "turkish-sandwiches", "item": 6, "item_variations": null, "quantity": 2}}, {"model": "core.orderitem", "pk": 255, "fields": {"user": 4, "ordered": true, "title": "Chicken Sub", "price": "3.50", "slug": "chicken-sub", "item": 4, "item_variations": null, "quantity": 1}}, {"model": "core.orderitem", "pk": 256, "fields": {"user": 4, "ordered": true, "title": "Chicken Salad", "price": "5.00", "slug": "chicken-salad", "item": 7, "item_variations": null, "quantity": 1}}, {"model": "core.orderitem", "pk": 258, "fields": {"user": 4, "ordered": true, "title": "Vege Chips", "price": "1.50", "slug": "vege-chips", "item": 8, "item_variations": null, "quantity": 1}}, {"model": "core.orderitem", "pk": 304, "fields": {"user": 4, "ordered": true, "title": "Chicken Burger (Chicken Burger with Salad)", "price": "5.00", "slug": "chicken-burger-chicken-burger-with-salad", "item": 23, "item_variations": 15, "quantity": 1}}, {"model": "core.orderitem", "pk": 312, "fields": {"user": 4, "ordered": true, "title": "G Force (Blackcurrent)", "price": "4.00", "slug": "g-force-blackcurrent", "item": 36, "item_variations": 11, "quantity": 2}}, {"model": "core.orderitem", "pk": 313, "fields": {"user": 4, "ordered": true, "title": "Juicies (Lemonade)", "price": "1.00", "slug": "juicies-lemonade", "item": 35, "item_variations": 10, "quantity": 1}}, {"model": "core.orderitem", "pk": 314, "fields": {"user": 4, "ordered": true, "title": "test", "price": "5.00", "slug": "test-item", "item": null, "item_variations": null, "quantity": 1}}, {"model": "core.orderitem", "pk": 315, "fields": {"user": 4, "ordered": true, "title": "Sandwiches", "price": "3.50", "slug": "sandwiches", "item": 5, "item_variations": null, "quantity": 1}}, {"model": "core.orderitem", "pk": 316, "fields": {"user": 4, "ordered": true, "title": "Turkish Sandwiches", "price": "4.00", "slug": "turkish-sandwiches", "item": 6, "item_variations": null, "quantity": 2}}, {"model": "core.orderitem", "pk": 317, "fields": {"user": 4, "ordered": true, "title": "Chicken Sub", "price": "3.50", "slug": "chicken-sub", "item": 4, "item_variations": null, "quantity": 1}}, {"model": "core.orderitem", "pk": 318, "fields": {"user": 4, "ordered": true, "title": "Chicken Salad", "price": "5.00", "slug": "chicken-salad", "item": 7, "item_variations": null, "quantity": 1}}, {"model": "core.orderitem", "pk": 319, "fields": {"user": 4, "ordered": true, "title": "Vege Chips", "price": "1.50", "slug": "vege-chips", "item": 8, "item_variations": null, "quantity": 1}}, {"model": "core.orderitem", "pk": 320, "fields": {"user": 4, "ordered": true, "title": "Chicken Burger (Chicken Burger with Salad)", "price": "5.00", "slug": "chicken-burger-chicken-burger-with-salad", "item": 23, "item_variations": 15, "quantity": 1}}, {"model": "core.orderitem", "pk": 506, "fields": {"user": 4, "ordered": true, "title": "Potato Wedges", "price": "3.50", "slug": "potatowedges", "item": 9, "item_variations": null, "quantity": 1}}, {"model": "core.orderitem", "pk": 507, "fields": {"user": 4, "ordered": true, "title": "Potato Wedges", "price": "3.50", "slug": "potatowedges", "item": 9, "item_variations": null, "quantity": 1}}, {"model": "core.orderitem", "pk": 508, "fields": {"user": 29, "ordered": true, "title": "Chicken Sub", "price": "3.50", "slug": "chicken-sub", "item": 4, "item_variations": null, "quantity": 1}}, {"model": "core.orderitem", "pk": 509, "fields": {"user": 29, "ordered": true, "title": "Sandwiches", "price": "3.50", "slug": "sandwiches", "item": 5, "item_variations": null, "quantity": 1}}, {"model": "core.orderitem", "pk": 510, "fields": {"user": 29, "ordered": true, "title": "Vege Chips", "price": "1.50", "slug": "vege-chips", "item": 8, "item_variations": null, "quantity": 1}}, {"model": "core.orderitem", "pk": 511, "fields": {"user": 29, "ordered": true, "title": "Turkish Sandwiches", "price": "4.00", "slug": "turkish-sandwiches", "item": 6, "item_variations": null, "quantity": 1}}, {"model": "core.orderitem", "pk": 512, "fields": {"user": 29, "ordered": true, "title": "Turkish Sandwiches", "price": "4.00", "slug": "turkish-sandwiches", "item": 6, "item_variations": null, "quantity": 1}}, {"model": "core.orderitem", "pk": 513, "fields": {"user": 4, "ordered": true, "title": "Chicken Sub", "price": "3.50", "slug": "chicken-sub", "item": 4, "item_variations": null, "quantity": 1}}, {"model": "core.orderitem", "pk": 514, "fields": {"user": 29, "ordered": true, "title": "Chicken Sub", "price": "3.50", "slug": "chicken-sub", "item": 4, "item_variations": null, "quantity": 1}}, {"model": "core.orderitem", "pk": 515, "fields": {"user": 30, "ordered": false, "title": "Meatball Sub", "price": "3.50", "slug": "meatball-sub", "item": 10, "item_variations": null, "quantity": 1}}, {"model": "core.orderitem", "pk": 516, "fields": {"user": 30, "ordered": false, "title": "Chicken Sub", "price": "3.50", "slug": "chicken-sub", "item": 4, "item_variations": null, "quantity": 1}}, {"model": "core.orderitem", "pk": 517, "fields": {"user": 32, "ordered": true, "title": "Sandwiches", "price": "3.50", "slug": "sandwiches", "item": 5, "item_variations": null, "quantity": 1}}, {"model": "core.orderitem", "pk": 518, "fields": {"user": 33, "ordered": true, "title": "Chicken Sub", "price": "3.50", "slug": "chicken-sub", "item": 4, "item_variations": null, "quantity": 1}}, {"model": "core.orderitem", "pk": 519, "fields": {"user": 4, "ordered": true, "title": "Turkish Sandwiches", "price": "4.00", "slug": "turkish-sandwiches", "item": 6, "item_variations": null, "quantity": 4}}, {"model": "core.orderitem", "pk": 520, "fields": {"user": 33, "ordered": true, "title": "Turkish Sandwiches", "price": "4.00", "slug": "turkish-sandwiches", "item": 6, "item_variations": null, "quantity": 2}}, {"model": "core.orderitem", "pk": 521, "fields": {"user": 33, "ordered": true, "title": "Chicken Sub", "price": "3.50", "slug": "chicken-sub", "item": 4, "item_variations": null, "quantity": 1}}, {"model": "core.orderitem", "pk": 522, "fields": {"user": 33, "ordered": true, "title": "Chicken Salad", "price": "5.00", "slug": "chicken-salad", "item": 7, "item_variations": null, "quantity": 1}}, {"model": "core.orderitem", "pk": 523, "fields": {"user": 32, "ordered": true, "title": "Kebabs", "price": "3.50", "slug": "kebabs", "item": 15, "item_variations": null, "quantity": 1}}, {"model": "core.orderitem", "pk": 524, "fields": {"user": 32, "ordered": true, "title": "Potato Wedges", "price": "3.50", "slug": "potatowedges", "item": 9, "item_variations": null, "quantity": 10}}, {"model": "core.orderitem", "pk": 525, "fields": {"user": 33, "ordered": true, "title": "Sandwiches", "price": "3.50", "slug": "sandwiches", "item": 5, "item_variations": null, "quantity": 1}}, {"model": "core.orderitem", "pk": 526, "fields": {"user": 33, "ordered": true, "title": "Sandwiches", "price": "3.50", "slug": "sandwiches", "item": 5, "item_variations": null, "quantity": 1}}, {"model": "core.orderitem", "pk": 527, "fields": {"user": 33, "ordered": true, "title": "Croissant", "price": "4.00", "slug": "croissant", "item": 13, "item_variations": null, "quantity": 2}}, {"model": "core.orderitem", "pk": 528, "fields": {"user": 33, "ordered": true, "title": "G Force (Blackcurrent)", "price": "4.00", "slug": "g-force-blackcurrent", "item": 36, "item_variations": 11, "quantity": 9}}, {"model": "core.orderitem", "pk": 529, "fields": {"user": 33, "ordered": true, "title": "Chicken Sub", "price": "3.50", "slug": "chicken-sub", "item": 4, "item_variations": null, "quantity": 1}}, {"model": "core.orderitem", "pk": 530, "fields": {"user": 33, "ordered": true, "title": "Sandwiches", "price": "3.50", "slug": "sandwiches", "item": 5, "item_variations": null, "quantity": 1}}, {"model": "core.orderitem", "pk": 531, "fields": {"user": 33, "ordered": true, "title": "G Force (Blackcurrent)", "price": "4.00", "slug": "g-force-blackcurrent", "item": 36, "item_variations": 11, "quantity": 1}}, {"model": "core.orderitem", "pk": 532, "fields": {"user": 33, "ordered": true, "title": "Vege Chips", "price": "1.50", "slug": "vege-chips", "item": 8, "item_variations": null, "quantity": 1}}, {"model": "core.orderitem", "pk": 533, "fields": {"user": 33, "ordered": true, "title": "Sausage Rolls", "price": "2.50", "slug": "Sausagerolls", "item": 14, "item_variations": null, "quantity": 2}}, {"model": "core.orderitem", "pk": 534, "fields": {"user": 33, "ordered": true, "title": "Turkish Sandwiches", "price": "4.00", "slug": "turkish-sandwiches", "item": 6, "item_variations": null, "quantity": 1}}, {"model": "core.orderitem", "pk": 535, "fields": {"user": 33, "ordered": true, "title": "Large Primo (Lime)", "price": "3.50", "slug": "large-primo-lime", "item": 38, "item_variations": 20, "quantity": 1}}, {"model": "core.orderitem", "pk": 536, "fields": {"user": 4, "ordered": true, "title": "Icy Twist", "price": "1.50", "slug": "icytwist", "item": 20, "item_variations": null, "quantity": 1}}, {"model": "core.orderitem", "pk": 537, "fields": {"user": 4, "ordered": true, "title": "Sandwiches", "price": "3.50", "slug": "sandwiches", "item": 5, "item_variations": null, "quantity": 1}}, {"model": "core.orderitem", "pk": 538, "fields": {"user": 32, "ordered": true, "title": "Turkish Sandwiches", "price": "4.00", "slug": "turkish-sandwiches", "item": 6, "item_variations": null, "quantity": 1}}, {"model": "core.orderitem", "pk": 539, "fields": {"user": 32, "ordered": true, "title": "Potato Wedges", "price": "3.50", "slug": "potatowedges", "item": 9, "item_variations": null, "quantity": 1}}, {"model": "core.orderitem", "pk": 540, "fields": {"user": 4, "ordered": true, "title": "Chicken Sub", "price": "3.50", "slug": "chicken-sub", "item": 4, "item_variations": null, "quantity": 1}}, {"model": "core.orderitem", "pk": 541, "fields": {"user": 4, "ordered": true, "title": "Turkish Sandwiches", "price": "4.00", "slug": "turkish-sandwiches", "item": 6, "item_variations": null, "quantity": 4}}, {"model": "core.orderitem", "pk": 542, "fields": {"user": 4, "ordered": true, "title": "Icy Twist", "price": "1.50", "slug": "icytwist", "item": 20, "item_variations": null, "quantity": 1}}, {"model": "core.orderitem", "pk": 543, "fields": {"user": 4, "ordered": true, "title": "Sandwiches", "price": "3.50", "slug": "sandwiches", "item": 5, "item_variations": null, "quantity": 1}}, {"model": "core.orderitem", "pk": 544, "fields": {"user": 4, "ordered": true, "title": "Chicken Sub", "price": "3.50", "slug": "chicken-sub", "item": 4, "item_variations": null, "quantity": 1}}, {"model": "core.orderitem", "pk": 545, "fields": {"user": 34, "ordered": true, "title": "Chicken Sub", "price": "3.50", "slug": "chicken-sub", "item": 4, "item_variations": null, "quantity": 1}}, {"model": "core.orderitem", "pk": 546, "fields": {"user": 34, "ordered": false, "title": "Potato Wedges", "price": "3.50", "slug": "potatowedges", "item": 9, "item_variations": null, "quantity": 1}}, {"model": "core.orderitem", "pk": 547, "fields": {"user": 35, "ordered": true, "title": "Chicken Sub", "price": "3.50", "slug": "chicken-sub", "item": 4, "item_variations": null, "quantity": 1}}, {"model": "core.orderitem", "pk": 548, "fields": {"user": 35, "ordered": true, "title": "Chicken Sub", "price": "3.50", "slug": "chicken-sub", "item": 4, "item_variations": null, "quantity": 1}}, {"model": "core.orderitem", "pk": 549, "fields": {"user": 35, "ordered": true, "title": "Sandwiches", "price": "3.50", "slug": "sandwiches", "item": 5, "item_variations": null, "quantity": 1}}, {"model": "core.orderitem", "pk": 550, "fields": {"user": 35, "ordered": true, "title": "Turkish Sandwiches", "price": "4.00", "slug": "turkish-sandwiches", "item": 6, "item_variations": null, "quantity": 1}}, {"model": "core.orderitem", "pk": 551, "fields": {"user": 34, "ordered": true, "title": "Kebabs", "price": "3.50", "slug": "kebabs", "item": 15, "item_variations": null, "quantity": 1}}, {"model": "core.orderitem", "pk": 552, "fields": {"user": 35, "ordered": true, "title": "Chicken Salad", "price": "5.00", "slug": "chicken-salad", "item": 7, "item_variations": null, "quantity": 1}}, {"model": "core.orderitem", "pk": 553, "fields": {"user": 35, "ordered": true, "title": "Vege Chips", "price": "1.50", "slug": "vege-chips", "item": 8, "item_variations": null, "quantity": 1}}, {"model": "core.orderitem", "pk": 554, "fields": {"user": 35, "ordered": true, "title": "Potato Wedges", "price": "3.50", "slug": "potatowedges", "item": 9, "item_variations": null, "quantity": 1}}, {"model": "core.orderitem", "pk": 555, "fields": {"user": 34, "ordered": true, "title": "Large Primo (Chocolate)", "price": "3.50", "slug": "large-primo-chocolate", "item": 38, "item_variations": 21, "quantity": 1}}, {"model": "core.orderitem", "pk": 556, "fields": {"user": 35, "ordered": true, "title": "Meatball Sub", "price": "3.50", "slug": "meatball-sub", "item": 10, "item_variations": null, "quantity": 1}}, {"model": "core.orderitem", "pk": 557, "fields": {"user": 35, "ordered": true, "title": "BBQ Pork Riblet Roll", "price": "3.50", "slug": "bbq-pork-riblet-roll", "item": 11, "item_variations": null, "quantity": 1}}, {"model": "core.orderitem", "pk": 558, "fields": {"user": 34, "ordered": true, "title": "Turkish Sandwiches", "price": "4.00", "slug": "turkish-sandwiches", "item": 6, "item_variations": null, "quantity": 1}}, {"model": "core.orderitem", "pk": 559, "fields": {"user": 34, "ordered": true, "title": "Turkish Sandwiches", "price": "4.00", "slug": "turkish-sandwiches", "item": 6, "item_variations": null, "quantity": 1}}, {"model": "core.orderitem", "pk": 560, "fields": {"user": 34, "ordered": true, "title": "Turkish Sandwiches", "price": "4.00", "slug": "turkish-sandwiches", "item": 6, "item_variations": null, "quantity": 1}}, {"model": "core.orderitem", "pk": 561, "fields": {"user": 34, "ordered": true, "title": "Sandwiches", "price": "3.50", "slug": "sandwiches", "item": 5, "item_variations": null, "quantity": 1}}, {"model": "core.orderitem", "pk": 562, "fields": {"user": 34, "ordered": true, "title": "Chicken Sub", "price": "3.50", "slug": "chicken-sub", "item": 4, "item_variations": null, "quantity": 1}}, {"model": "core.orderitem", "pk": 563, "fields": {"user": 34, "ordered": true, "title": "Chicken Salad", "price": "5.00", "slug": "chicken-salad", "item": 7, "item_variations": null, "quantity": 1}}, {"model": "core.orderitem", "pk": 564, "fields": {"user": 34, "ordered": true, "title": "Chicken Salad", "price": "5.00", "slug": "chicken-salad", "item": 7, "item_variations": null, "quantity": 1}}, {"model": "core.orderitem", "pk": 565, "fields": {"user": 34, "ordered": true, "title": "Chicken Salad", "price": "5.00", "slug": "chicken-salad", "item": 7, "item_variations": null, "quantity": 1}}, {"model": "core.orderitem", "pk": 566, "fields": {"user": 34, "ordered": true, "title": "Chicken Salad", "price": "5.00", "slug": "chicken-salad", "item": 7, "item_variations": null, "quantity": 1}}, {"model": "core.orderitem", "pk": 567, "fields": {"user": 34, "ordered": true, "title": "Chicken Salad", "price": "5.00", "slug": "chicken-salad", "item": 7, "item_variations": null, "quantity": 1}}, {"model": "core.orderitem", "pk": 568, "fields": {"user": 34, "ordered": true, "title": "Chicken Salad", "price": "5.00", "slug": "chicken-salad", "item": 7, "item_variations": null, "quantity": 1}}, {"model": "core.orderitem", "pk": 569, "fields": {"user": 34, "ordered": true, "title": "Turkish Sandwiches", "price": "4.00", "slug": "turkish-sandwiches", "item": 6, "item_variations": null, "quantity": 1}}, {"model": "core.orderitem", "pk": 570, "fields": {"user": 34, "ordered": true, "title": "Sandwiches", "price": "3.50", "slug": "sandwiches", "item": 5, "item_variations": null, "quantity": 1}}, {"model": "core.orderitem", "pk": 571, "fields": {"user": 34, "ordered": true, "title": "Meatball Sub", "price": "3.50", "slug": "meatball-sub", "item": 10, "item_variations": null, "quantity": 1}}, {"model": "core.orderitem", "pk": 572, "fields": {"user": 34, "ordered": true, "title": "BBQ Pork Riblet Roll", "price": "3.50", "slug": "bbq-pork-riblet-roll", "item": 11, "item_variations": null, "quantity": 1}}, {"model": "core.orderitem", "pk": 573, "fields": {"user": 34, "ordered": true, "title": "Meatball Sub", "price": "3.50", "slug": "meatball-sub", "item": 10, "item_variations": null, "quantity": 1}}, {"model": "core.orderitem", "pk": 574, "fields": {"user": 34, "ordered": true, "title": "Meatball Sub", "price": "3.50", "slug": "meatball-sub", "item": 10, "item_variations": null, "quantity": 1}}, {"model": "core.orderitem", "pk": 575, "fields": {"user": 34, "ordered": true, "title": "Meatball Sub", "price": "3.50", "slug": "meatball-sub", "item": 10, "item_variations": null, "quantity": 1}}, {"model": "core.orderitem", "pk": 576, "fields": {"user": 34, "ordered": true, "title": "Chicken Salad", "price": "5.00", "slug": "chicken-salad", "item": 7, "item_variations": null, "quantity": 1}}, {"model": "core.orderitem", "pk": 577, "fields": {"user": 34, "ordered": true, "title": "Healthy Grain Roll", "price": "3.00", "slug": "healthy-grain-roll", "item": 27, "item_variations": null, "quantity": 1}}, {"model": "core.orderitem", "pk": 578, "fields": {"user": 34, "ordered": true, "title": "Chicken Salad", "price": "5.00", "slug": "chicken-salad", "item": 7, "item_variations": null, "quantity": 1}}, {"model": "core.orderitem", "pk": 579, "fields": {"user": 4, "ordered": true, "title": "Hot Bowl Noodles", "price": "3.50", "slug": "hotbowlnoodles", "item": 18, "item_variations": null, "quantity": 2}}, {"model": "core.orderitem", "pk": 580, "fields": {"user": 4, "ordered": true, "title": "Kebabs", "price": "3.50", "slug": "kebabs", "item": 15, "item_variations": null, "quantity": 1}}, {"model": "core.orderitem", "pk": 581, "fields": {"user": 4, "ordered": true, "title": "Turkish Sandwiches", "price": "4.00", "slug": "turkish-sandwiches", "item": 6, "item_variations": null, "quantity": 1}}, {"model": "core.orderitem", "pk": 586, "fields": {"user": 4, "ordered": true, "title": "Turkish Sandwiches", "price": "4.00", "slug": "turkish-sandwiches", "item": 6, "item_variations": null, "quantity": 4}}, {"model": "core.orderitem", "pk": 587, "fields": {"user": 4, "ordered": true, "title": "Icy Twist", "price": "1.50", "slug": "icytwist", "item": 20, "item_variations": null, "quantity": 1}}, {"model": "core.orderitem", "pk": 588, "fields": {"user": 4, "ordered": true, "title": "Sandwiches", "price": "3.50", "slug": "sandwiches", "item": 5, "item_variations": null, "quantity": 1}}, {"model": "core.orderitem", "pk": 589, "fields": {"user": 4, "ordered": true, "title": "Chicken Sub", "price": "3.50", "slug": "chicken-sub", "item": 4, "item_variations": null, "quantity": 1}}, {"model": "core.orderitem", "pk": 590, "fields": {"user": 4, "ordered": true, "title": "Turkish Sandwiches", "price": "4.00", "slug": "turkish-sandwiches", "item": 6, "item_variations": null, "quantity": 4}}, {"model": "core.orderitem", "pk": 591, "fields": {"user": 4, "ordered": true, "title": "Icy Twist", "price": "1.50", "slug": "icytwist", "item": 20, "item_variations": null, "quantity": 1}}, {"model": "core.orderitem", "pk": 592, "fields": {"user": 4, "ordered": true, "title": "Sandwiches", "price": "3.50", "slug": "sandwiches", "item": 5, "item_variations": null, "quantity": 1}}, {"model": "core.orderitem", "pk": 593, "fields": {"user": 4, "ordered": true, "title": "Chicken Sub", "price": "3.50", "slug": "chicken-sub", "item": 4, "item_variations": null, "quantity": 1}}, {"model": "core.orderitem", "pk": 595, "fields": {"user": 4, "ordered": true, "title": "Turkish Sandwiches", "price": "4.00", "slug": "turkish-sandwiches", "item": 6, "item_variations": null, "quantity": 4}}, {"model": "core.orderitem", "pk": 596, "fields": {"user": 4, "ordered": true, "title": "Icy Twist", "price": "1.50", "slug": "icytwist", "item": 20, "item_variations": null, "quantity": 1}}, {"model": "core.orderitem", "pk": 597, "fields": {"user": 4, "ordered": true, "title": "Sandwiches", "price": "3.50", "slug": "sandwiches", "item": 5, "item_variations": null, "quantity": 1}}, {"model": "core.orderitem", "pk": 598, "fields": {"user": 4, "ordered": true, "title": "Chicken Sub", "price": "3.50", "slug": "chicken-sub", "item": 4, "item_variations": null, "quantity": 1}}, {"model": "core.orderitem", "pk": 599, "fields": {"user": 4, "ordered": true, "title": "Turkish Sandwiches", "price": "4.00", "slug": "turkish-sandwiches", "item": 6, "item_variations": null, "quantity": 4}}, {"model": "core.orderitem", "pk": 600, "fields": {"user": 4, "ordered": true, "title": "Icy Twist", "price": "1.50", "slug": "icytwist", "item": 20, "item_variations": null, "quantity": 1}}, {"model": "core.orderitem", "pk": 601, "fields": {"user": 4, "ordered": true, "title": "Sandwiches", "price": "3.50", "slug": "sandwiches", "item": 5, "item_variations": null, "quantity": 1}}, {"model": "core.orderitem", "pk": 602, "fields": {"user": 4, "ordered": true, "title": "Chicken Sub", "price": "3.50", "slug": "chicken-sub", "item": 4, "item_variations": null, "quantity": 1}}, {"model": "core.orderitem", "pk": 603, "fields": {"user": 4, "ordered": true, "title": "Turkish Sandwiches", "price": "4.00", "slug": "turkish-sandwiches", "item": 6, "item_variations": null, "quantity": 4}}, {"model": "core.orderitem", "pk": 604, "fields": {"user": 4, "ordered": true, "title": "Icy Twist", "price": "1.50", "slug": "icytwist", "item": 20, "item_variations": null, "quantity": 1}}, {"model": "core.orderitem", "pk": 605, "fields": {"user": 4, "ordered": true, "title": "Sandwiches", "price": "3.50", "slug": "sandwiches", "item": 5, "item_variations": null, "quantity": 1}}, {"model": "core.orderitem", "pk": 606, "fields": {"user": 4, "ordered": true, "title": "Chicken Sub", "price": "3.50", "slug": "chicken-sub", "item": 4, "item_variations": null, "quantity": 1}}, {"model": "core.orderitem", "pk": 607, "fields": {"user": 4, "ordered": true, "title": "Chicken Salad", "price": "5.00", "slug": "chicken-salad", "item": 7, "item_variations": null, "quantity": 1}}, {"model": "core.orderitem", "pk": 608, "fields": {"user": 4, "ordered": true, "title": "Kebabs", "price": "3.50", "slug": "kebabs", "item": 15, "item_variations": null, "quantity": 1}}, {"model": "core.orderitem", "pk": 609, "fields": {"user": 4, "ordered": true, "title": "G Force (Raspberry/Blueberry)", "price": "4.00", "slug": "g-force-raspberryblueberry", "item": 36, "item_variations": 12, "quantity": 3}}, {"model": "core.orderitem", "pk": 610, "fields": {"user": 4, "ordered": true, "title": "Chicken Salad", "price": "5.00", "slug": "chicken-salad", "item": 7, "item_variations": null, "quantity": 4}}, {"model": "core.orderitem", "pk": 611, "fields": {"user": 4, "ordered": true, "title": "G Force (Raspberry/Blueberry)", "price": "4.00", "slug": "g-force-raspberryblueberry", "item": 36, "item_variations": 12, "quantity": 3}}, {"model": "core.orderitem", "pk": 612, "fields": {"user": 4, "ordered": true, "title": "Chicken Salad", "price": "5.00", "slug": "chicken-salad", "item": 7, "item_variations": null, "quantity": 4}}, {"model": "core.orderitem", "pk": 613, "fields": {"user": 4, "ordered": true, "title": "Turkish Sandwiches", "price": "4.00", "slug": "turkish-sandwiches", "item": 6, "item_variations": null, "quantity": 4}}, {"model": "core.orderitem", "pk": 614, "fields": {"user": 4, "ordered": true, "title": "Icy Twist", "price": "1.50", "slug": "icytwist", "item": 20, "item_variations": null, "quantity": 1}}, {"model": "core.orderitem", "pk": 615, "fields": {"user": 4, "ordered": true, "title": "Sandwiches", "price": "3.50", "slug": "sandwiches", "item": 5, "item_variations": null, "quantity": 1}}, {"model": "core.orderitem", "pk": 616, "fields": {"user": 4, "ordered": true, "title": "Chicken Sub", "price": "3.50", "slug": "chicken-sub", "item": 4, "item_variations": null, "quantity": 1}}, {"model": "core.orderitem", "pk": 617, "fields": {"user": 4, "ordered": true, "title": "Turkish Sandwiches", "price": "4.00", "slug": "turkish-sandwiches", "item": 6, "item_variations": null, "quantity": 4}}, {"model": "core.orderitem", "pk": 618, "fields": {"user": 4, "ordered": true, "title": "Icy Twist", "price": "1.50", "slug": "icytwist", "item": 20, "item_variations": null, "quantity": 1}}, {"model": "core.orderitem", "pk": 619, "fields": {"user": 4, "ordered": true, "title": "Sandwiches", "price": "3.50", "slug": "sandwiches", "item": 5, "item_variations": null, "quantity": 1}}, {"model": "core.orderitem", "pk": 620, "fields": {"user": 4, "ordered": true, "title": "Chicken Sub", "price": "3.50", "slug": "chicken-sub", "item": 4, "item_variations": null, "quantity": 1}}, {"model": "core.orderitem", "pk": 621, "fields": {"user": 4, "ordered": true, "title": "Turkish Sandwiches", "price": "4.00", "slug": "turkish-sandwiches", "item": 6, "item_variations": null, "quantity": 4}}, {"model": "core.orderitem", "pk": 622, "fields": {"user": 4, "ordered": true, "title": "Icy Twist", "price": "1.50", "slug": "icytwist", "item": 20, "item_variations": null, "quantity": 2}}, {"model": "core.orderitem", "pk": 623, "fields": {"user": 4, "ordered": true, "title": "Sandwiches", "price": "3.50", "slug": "sandwiches", "item": 5, "item_variations": null, "quantity": 1}}, {"model": "core.orderitem", "pk": 624, "fields": {"user": 4, "ordered": true, "title": "Chicken Sub", "price": "3.50", "slug": "chicken-sub", "item": 4, "item_variations": null, "quantity": 1}}, {"model": "core.orderitem", "pk": 625, "fields": {"user": 4, "ordered": true, "title": "Sausage Rolls", "price": "2.50", "slug": "Sausagerolls", "item": 14, "item_variations": null, "quantity": 2}}, {"model": "core.orderitem", "pk": 626, "fields": {"user": 4, "ordered": true, "title": "Kebabs", "price": "3.50", "slug": "kebabs", "item": 15, "item_variations": null, "quantity": 2}}, {"model": "core.orderitem", "pk": 627, "fields": {"user": 4, "ordered": true, "title": "Croissant", "price": "4.00", "slug": "croissant", "item": 13, "item_variations": null, "quantity": 1}}, {"model": "core.orderitem", "pk": 628, "fields": {"user": 4, "ordered": true, "title": "Mammoth", "price": "4.50", "slug": "mammoth", "item": 37, "item_variations": null, "quantity": 1}}, {"model": "core.orderitem", "pk": 629, "fields": {"user": 4, "ordered": true, "title": "Lipton Ice Tea 500mL", "price": "3.50", "slug": "lipton-ice-tea-500ml", "item": 41, "item_variations": null, "quantity": 1}}, {"model": "core.orderitem", "pk": 632, "fields": {"user": 4, "ordered": true, "title": "Turkish Sandwiches", "price": "4.00", "slug": "turkish-sandwiches", "item": 6, "item_variations": null, "quantity": 4}}, {"model": "core.orderitem", "pk": 633, "fields": {"user": 4, "ordered": true, "title": "Icy Twist", "price": "1.50", "slug": "icytwist", "item": 20, "item_variations": null, "quantity": 2}}, {"model": "core.orderitem", "pk": 634, "fields": {"user": 4, "ordered": true, "title": "Sandwiches", "price": "3.50", "slug": "sandwiches", "item": 5, "item_variations": null, "quantity": 1}}, {"model": "core.orderitem", "pk": 635, "fields": {"user": 4, "ordered": true, "title": "Chicken Sub", "price": "3.50", "slug": "chicken-sub", "item": 4, "item_variations": null, "quantity": 1}}, {"model": "core.orderitem", "pk": 636, "fields": {"user": 4, "ordered": true, "title": "Sausage Rolls", "price": "2.50", "slug": "Sausagerolls", "item": 14, "item_variations": null, "quantity": 2}}, {"model": "core.orderitem", "pk": 637, "fields": {"user": 4, "ordered": true, "title": "Kebabs", "price": "3.50", "slug": "kebabs", "item": 15, "item_variations": null, "quantity": 2}}, {"model": "core.orderitem", "pk": 638, "fields": {"user": 4, "ordered": true, "title": "Croissant", "price": "4.00", "slug": "croissant", "item": 13, "item_variations": null, "quantity": 1}}, {"model": "core.orderitem", "pk": 639, "fields": {"user": 4, "ordered": true, "title": "Mammoth", "price": "4.50", "slug": "mammoth", "item": 37, "item_variations": null, "quantity": 1}}, {"model": "core.orderitem", "pk": 640, "fields": {"user": 4, "ordered": true, "title": "Lipton Ice Tea 500mL", "price": "3.50", "slug": "lipton-ice-tea-500ml", "item": 41, "item_variations": null, "quantity": 1}}, {"model": "core.orderitem", "pk": 641, "fields": {"user": 4, "ordered": true, "title": "Sandwiches", "price": "3.50", "slug": "sandwiches", "item": 5, "item_variations": null, "quantity": 1}}, {"model": "core.orderitem", "pk": 642, "fields": {"user": 4, "ordered": true, "title": "Turkish Sandwiches", "price": "4.00", "slug": "turkish-sandwiches", "item": 6, "item_variations": null, "quantity": 4}}, {"model": "core.orderitem", "pk": 643, "fields": {"user": 4, "ordered": true, "title": "Icy Twist", "price": "1.50", "slug": "icytwist", "item": 20, "item_variations": null, "quantity": 2}}, {"model": "core.orderitem", "pk": 644, "fields": {"user": 4, "ordered": true, "title": "Sandwiches", "price": "3.50", "slug": "sandwiches", "item": 5, "item_variations": null, "quantity": 1}}, {"model": "core.orderitem", "pk": 645, "fields": {"user": 4, "ordered": true, "title": "Chicken Sub", "price": "3.50", "slug": "chicken-sub", "item": 4, "item_variations": null, "quantity": 1}}, {"model": "core.orderitem", "pk": 646, "fields": {"user": 4, "ordered": true, "title": "Sausage Rolls", "price": "2.50", "slug": "Sausagerolls", "item": 14, "item_variations": null, "quantity": 2}}, {"model": "core.orderitem", "pk": 647, "fields": {"user": 4, "ordered": true, "title": "Kebabs", "price": "3.50", "slug": "kebabs", "item": 15, "item_variations": null, "quantity": 2}}, {"model": "core.orderitem", "pk": 648, "fields": {"user": 4, "ordered": true, "title": "Croissant", "price": "4.00", "slug": "croissant", "item": 13, "item_variations": null, "quantity": 1}}, {"model": "core.orderitem", "pk": 649, "fields": {"user": 4, "ordered": true, "title": "Mammoth", "price": "4.50", "slug": "mammoth", "item": 37, "item_variations": null, "quantity": 1}}, {"model": "core.orderitem", "pk": 650, "fields": {"user": 4, "ordered": true, "title": "Lipton Ice Tea 500mL", "price": "3.50", "slug": "lipton-ice-tea-500ml", "item": 41, "item_variations": null, "quantity": 1}}, {"model": "core.orderitem", "pk": 651, "fields": {"user": 4, "ordered": true, "title": "Turkish Sandwiches", "price": "4.00", "slug": "turkish-sandwiches", "item": 6, "item_variations": null, "quantity": 4}}, {"model": "core.orderitem", "pk": 652, "fields": {"user": 4, "ordered": true, "title": "Icy Twist", "price": "1.50", "slug": "icytwist", "item": 20, "item_variations": null, "quantity": 2}}, {"model": "core.orderitem", "pk": 653, "fields": {"user": 4, "ordered": true, "title": "Sandwiches", "price": "3.50", "slug": "sandwiches", "item": 5, "item_variations": null, "quantity": 1}}, {"model": "core.orderitem", "pk": 654, "fields": {"user": 4, "ordered": true, "title": "Chicken Sub", "price": "3.50", "slug": "chicken-sub", "item": 4, "item_variations": null, "quantity": 1}}, {"model": "core.orderitem", "pk": 655, "fields": {"user": 4, "ordered": true, "title": "Sausage Rolls", "price": "2.50", "slug": "Sausagerolls", "item": 14, "item_variations": null, "quantity": 2}}, {"model": "core.orderitem", "pk": 656, "fields": {"user": 4, "ordered": true, "title": "Kebabs", "price": "3.50", "slug": "kebabs", "item": 15, "item_variations": null, "quantity": 2}}, {"model": "core.orderitem", "pk": 657, "fields": {"user": 4, "ordered": true, "title": "Croissant", "price": "4.00", "slug": "croissant", "item": 13, "item_variations": null, "quantity": 1}}, {"model": "core.orderitem", "pk": 658, "fields": {"user": 4, "ordered": true, "title": "Mammoth", "price": "4.50", "slug": "mammoth", "item": 37, "item_variations": null, "quantity": 1}}, {"model": "core.orderitem", "pk": 659, "fields": {"user": 4, "ordered": true, "title": "Lipton Ice Tea 500mL", "price": "3.50", "slug": "lipton-ice-tea-500ml", "item": 41, "item_variations": null, "quantity": 1}}, {"model": "core.orderitem", "pk": 660, "fields": {"user": 4, "ordered": true, "title": "Turkish Sandwiches", "price": "4.00", "slug": "turkish-sandwiches", "item": 6, "item_variations": null, "quantity": 4}}, {"model": "core.orderitem", "pk": 661, "fields": {"user": 4, "ordered": true, "title": "Icy Twist", "price": "1.50", "slug": "icytwist", "item": 20, "item_variations": null, "quantity": 1}}, {"model": "core.orderitem", "pk": 662, "fields": {"user": 4, "ordered": true, "title": "Sandwiches", "price": "3.50", "slug": "sandwiches", "item": 5, "item_variations": null, "quantity": 1}}, {"model": "core.orderitem", "pk": 663, "fields": {"user": 4, "ordered": true, "title": "Chicken Sub", "price": "3.50", "slug": "chicken-sub", "item": 4, "item_variations": null, "quantity": 1}}, {"model": "core.orderitem", "pk": 664, "fields": {"user": 4, "ordered": true, "title": "Turkish Sandwiches", "price": "4.00", "slug": "turkish-sandwiches", "item": 6, "item_variations": null, "quantity": 4}}, {"model": "core.orderitem", "pk": 665, "fields": {"user": 4, "ordered": true, "title": "Icy Twist", "price": "1.50", "slug": "icytwist", "item": 20, "item_variations": null, "quantity": 2}}, {"model": "core.orderitem", "pk": 666, "fields": {"user": 4, "ordered": true, "title": "Sandwiches", "price": "3.50", "slug": "sandwiches", "item": 5, "item_variations": null, "quantity": 1}}, {"model": "core.orderitem", "pk": 667, "fields": {"user": 4, "ordered": true, "title": "Chicken Sub", "price": "3.50", "slug": "chicken-sub", "item": 4, "item_variations": null, "quantity": 1}}, {"model": "core.orderitem", "pk": 668, "fields": {"user": 4, "ordered": true, "title": "Sausage Rolls", "price": "2.50", "slug": "Sausagerolls", "item": 14, "item_variations": null, "quantity": 2}}, {"model": "core.orderitem", "pk": 669, "fields": {"user": 4, "ordered": true, "title": "Kebabs", "price": "3.50", "slug": "kebabs", "item": 15, "item_variations": null, "quantity": 2}}, {"model": "core.orderitem", "pk": 670, "fields": {"user": 4, "ordered": true, "title": "Croissant", "price": "4.00", "slug": "croissant", "item": 13, "item_variations": null, "quantity": 1}}, {"model": "core.orderitem", "pk": 671, "fields": {"user": 4, "ordered": true, "title": "Mammoth", "price": "4.50", "slug": "mammoth", "item": 37, "item_variations": null, "quantity": 1}}, {"model": "core.orderitem", "pk": 672, "fields": {"user": 4, "ordered": true, "title": "Lipton Ice Tea 500mL", "price": "3.50", "slug": "lipton-ice-tea-500ml", "item": 41, "item_variations": null, "quantity": 1}}, {"model": "core.orderitem", "pk": 673, "fields": {"user": 4, "ordered": true, "title": "Turkish Sandwiches", "price": "4.00", "slug": "turkish-sandwiches", "item": 6, "item_variations": null, "quantity": 4}}, {"model": "core.orderitem", "pk": 674, "fields": {"user": 4, "ordered": true, "title": "Icy Twist", "price": "1.50", "slug": "icytwist", "item": 20, "item_variations": null, "quantity": 1}}, {"model": "core.orderitem", "pk": 675, "fields": {"user": 4, "ordered": true, "title": "Sandwiches", "price": "3.50", "slug": "sandwiches", "item": 5, "item_variations": null, "quantity": 1}}, {"model": "core.orderitem", "pk": 676, "fields": {"user": 4, "ordered": true, "title": "Chicken Sub", "price": "3.50", "slug": "chicken-sub", "item": 4, "item_variations": null, "quantity": 1}}, {"model": "core.orderitem", "pk": 677, "fields": {"user": 4, "ordered": true, "title": "Turkish Sandwiches", "price": "4.00", "slug": "turkish-sandwiches", "item": 6, "item_variations": null, "quantity": 4}}, {"model": "core.orderitem", "pk": 678, "fields": {"user": 4, "ordered": true, "title": "Icy Twist", "price": "1.50", "slug": "icytwist", "item": 20, "item_variations": null, "quantity": 2}}, {"model": "core.orderitem", "pk": 679, "fields": {"user": 4, "ordered": true, "title": "Sandwiches", "price": "3.50", "slug": "sandwiches", "item": 5, "item_variations": null, "quantity": 1}}, {"model": "core.orderitem", "pk": 680, "fields": {"user": 4, "ordered": true, "title": "Chicken Sub", "price": "3.50", "slug": "chicken-sub", "item": 4, "item_variations": null, "quantity": 1}}, {"model": "core.orderitem", "pk": 681, "fields": {"user": 4, "ordered": true, "title": "Sausage Rolls", "price": "2.50", "slug": "Sausagerolls", "item": 14, "item_variations": null, "quantity": 2}}, {"model": "core.orderitem", "pk": 682, "fields": {"user": 4, "ordered": true, "title": "Kebabs", "price": "3.50", "slug": "kebabs", "item": 15, "item_variations": null, "quantity": 2}}, {"model": "core.orderitem", "pk": 683, "fields": {"user": 4, "ordered": true, "title": "Croissant", "price": "4.00", "slug": "croissant", "item": 13, "item_variations": null, "quantity": 1}}, {"model": "core.orderitem", "pk": 684, "fields": {"user": 4, "ordered": true, "title": "Mammoth", "price": "4.50", "slug": "mammoth", "item": 37, "item_variations": null, "quantity": 1}}, {"model": "core.orderitem", "pk": 685, "fields": {"user": 4, "ordered": true, "title": "Lipton Ice Tea 500mL", "price": "3.50", "slug": "lipton-ice-tea-500ml", "item": 41, "item_variations": null, "quantity": 1}}, {"model": "core.orderitem", "pk": 686, "fields": {"user": 4, "ordered": true, "title": "Turkish Sandwiches", "price": "4.00", "slug": "turkish-sandwiches", "item": 6, "item_variations": null, "quantity": 4}}, {"model": "core.orderitem", "pk": 687, "fields": {"user": 4, "ordered": true, "title": "Icy Twist", "price": "1.50", "slug": "icytwist", "item": 20, "item_variations": null, "quantity": 2}}, {"model": "core.orderitem", "pk": 688, "fields": {"user": 4, "ordered": true, "title": "Sandwiches", "price": "3.50", "slug": "sandwiches", "item": 5, "item_variations": null, "quantity": 1}}, {"model": "core.orderitem", "pk": 689, "fields": {"user": 4, "ordered": true, "title": "Chicken Sub", "price": "3.50", "slug": "chicken-sub", "item": 4, "item_variations": null, "quantity": 1}}, {"model": "core.orderitem", "pk": 690, "fields": {"user": 4, "ordered": true, "title": "Sausage Rolls", "price": "2.50", "slug": "Sausagerolls", "item": 14, "item_variations": null, "quantity": 2}}, {"model": "core.orderitem", "pk": 691, "fields": {"user": 4, "ordered": true, "title": "Kebabs", "price": "3.50", "slug": "kebabs", "item": 15, "item_variations": null, "quantity": 2}}, {"model": "core.orderitem", "pk": 692, "fields": {"user": 4, "ordered": true, "title": "Croissant", "price": "4.00", "slug": "croissant", "item": 13, "item_variations": null, "quantity": 1}}, {"model": "core.orderitem", "pk": 693, "fields": {"user": 4, "ordered": true, "title": "Mammoth", "price": "4.50", "slug": "mammoth", "item": 37, "item_variations": null, "quantity": 1}}, {"model": "core.orderitem", "pk": 694, "fields": {"user": 4, "ordered": true, "title": "Lipton Ice Tea 500mL", "price": "3.50", "slug": "lipton-ice-tea-500ml", "item": 41, "item_variations": null, "quantity": 1}}, {"model": "core.orderitem", "pk": 696, "fields": {"user": 4, "ordered": true, "title": "Sandwiches", "price": "3.50", "slug": "sandwiches", "item": 5, "item_variations": null, "quantity": 1}}, {"model": "core.orderitem", "pk": 697, "fields": {"user": 4, "ordered": true, "title": "Chicken Salad", "price": "5.00", "slug": "chicken-salad", "item": 7, "item_variations": null, "quantity": 1}}, {"model": "core.orderitem", "pk": 698, "fields": {"user": 4, "ordered": true, "title": "Turkish Sandwiches", "price": "4.00", "slug": "turkish-sandwiches", "item": 6, "item_variations": null, "quantity": 4}}, {"model": "core.orderitem", "pk": 699, "fields": {"user": 4, "ordered": true, "title": "Sandwiches", "price": "3.50", "slug": "sandwiches", "item": 5, "item_variations": null, "quantity": 3}}, {"model": "core.orderitem", "pk": 700, "fields": {"user": 4, "ordered": true, "title": "Chicken Sub", "price": "3.50", "slug": "chicken-sub", "item": 4, "item_variations": null, "quantity": 1}}, {"model": "core.orderitem", "pk": 701, "fields": {"user": 4, "ordered": true, "title": "Mammoth", "price": "4.50", "slug": "mammoth", "item": 37, "item_variations": null, "quantity": 1}}, {"model": "core.orderitem", "pk": 703, "fields": {"user": 4, "ordered": true, "title": "Potato Wedges", "price": "3.50", "slug": "potatowedges", "item": 9, "item_variations": null, "quantity": 4}}, {"model": "core.orderitem", "pk": 705, "fields": {"user": 4, "ordered": true, "title": "Turkish Sandwiches", "price": "4.00", "slug": "turkish-sandwiches", "item": 6, "item_variations": null, "quantity": 4}}, {"model": "core.orderitem", "pk": 706, "fields": {"user": 4, "ordered": true, "title": "Icy Twist", "price": "1.50", "slug": "icytwist", "item": 20, "item_variations": null, "quantity": 2}}, {"model": "core.orderitem", "pk": 707, "fields": {"user": 4, "ordered": true, "title": "Sandwiches", "price": "3.50", "slug": "sandwiches", "item": 5, "item_variations": null, "quantity": 1}}, {"model": "core.orderitem", "pk": 708, "fields": {"user": 4, "ordered": true, "title": "Chicken Sub", "price": "3.50", "slug": "chicken-sub", "item": 4, "item_variations": null, "quantity": 1}}, {"model": "core.orderitem", "pk": 709, "fields": {"user": 4, "ordered": true, "title": "Sausage Rolls", "price": "2.50", "slug": "Sausagerolls", "item": 14, "item_variations": null, "quantity": 2}}, {"model": "core.orderitem", "pk": 710, "fields": {"user": 4, "ordered": true, "title": "Kebabs", "price": "3.50", "slug": "kebabs", "item": 15, "item_variations": null, "quantity": 2}}, {"model": "core.orderitem", "pk": 711, "fields": {"user": 4, "ordered": true, "title": "Croissant", "price": "4.00", "slug": "croissant", "item": 13, "item_variations": null, "quantity": 1}}, {"model": "core.orderitem", "pk": 712, "fields": {"user": 4, "ordered": true, "title": "Mammoth", "price": "4.50", "slug": "mammoth", "item": 37, "item_variations": null, "quantity": 1}}, {"model": "core.orderitem", "pk": 713, "fields": {"user": 4, "ordered": true, "title": "Lipton Ice Tea 500mL", "price": "3.50", "slug": "lipton-ice-tea-500ml", "item": 41, "item_variations": null, "quantity": 1}}, {"model": "core.orderitem", "pk": 714, "fields": {"user": 7, "ordered": true, "title": "Chicken Salad", "price": "5.00", "slug": "chicken-salad", "item": 7, "item_variations": null, "quantity": 1}}, {"model": "core.orderitem", "pk": 715, "fields": {"user": 7, "ordered": true, "title": "Juicies (Lemonade)", "price": "1.00", "slug": "juicies-lemonade", "item": 35, "item_variations": 10, "quantity": 30}}, {"model": "core.orderitem", "pk": 716, "fields": {"user": 4, "ordered": true, "title": "Turkish Sandwiches", "price": "4.00", "slug": "turkish-sandwiches", "item": 6, "item_variations": null, "quantity": 7}}, {"model": "core.orderitem", "pk": 718, "fields": {"user": 4, "ordered": true, "title": "Kebabs", "price": "3.50", "slug": "kebabs", "item": 15, "item_variations": null, "quantity": 6}}, {"model": "core.orderitem", "pk": 719, "fields": {"user": 4, "ordered": true, "title": "G Force (Raspberry/Blueberry)", "price": "4.00", "slug": "g-force-raspberryblueberry", "item": 36, "item_variations": 12, "quantity": 4}}, {"model": "core.orderitem", "pk": 720, "fields": {"user": 4, "ordered": true, "title": "G Force (Blackcurrent)", "price": "4.00", "slug": "g-force-blackcurrent", "item": 36, "item_variations": 11, "quantity": 3}}, {"model": "core.orderitem", "pk": 721, "fields": {"user": 4, "ordered": true, "title": "Primo 250mL (Lime)", "price": "2.50", "slug": "primo-250ml-lime", "item": 40, "item_variations": 17, "quantity": 4}}, {"model": "core.orderitem", "pk": 722, "fields": {"user": 4, "ordered": true, "title": "Meatball Sub", "price": "3.50", "slug": "meatball-sub", "item": 10, "item_variations": null, "quantity": 5}}, {"model": "core.orderitem", "pk": 724, "fields": {"user": 4, "ordered": true, "title": "Turkish Sandwiches", "price": "4.00", "slug": "turkish-sandwiches", "item": 6, "item_variations": null, "quantity": 7}}, {"model": "core.orderitem", "pk": 725, "fields": {"user": 4, "ordered": true, "title": "Meatball Sub", "price": "3.50", "slug": "meatball-sub", "item": 10, "item_variations": null, "quantity": 5}}, {"model": "core.orderitem", "pk": 728, "fields": {"user": 7, "ordered": true, "title": "Chicken Salad", "price": "5.00", "slug": "chicken-salad", "item": 7, "item_variations": null, "quantity": 2}}, {"model": "core.orderitem", "pk": 729, "fields": {"user": 4, "ordered": true, "title": "Turkish Sandwiches", "price": "4.00", "slug": "turkish-sandwiches", "item": 6, "item_variations": null, "quantity": 7}}, {"model": "core.orderitem", "pk": 730, "fields": {"user": 4, "ordered": true, "title": "Meatball Sub", "price": "3.50", "slug": "meatball-sub", "item": 10, "item_variations": null, "quantity": 5}}, {"model": "core.orderitem", "pk": 731, "fields": {"user": 4, "ordered": true, "title": "Sandwiches", "price": "3.50", "slug": "sandwiches", "item": 5, "item_variations": null, "quantity": 1}}, {"model": "core.orderitem", "pk": 732, "fields": {"user": 4, "ordered": true, "title": "Turkish Sandwiches", "price": "4.00", "slug": "turkish-sandwiches", "item": 6, "item_variations": null, "quantity": 1}}, {"model": "core.orderitem", "pk": 733, "fields": {"user": 4, "ordered": true, "title": "Turkish Sandwiches", "price": "4.00", "slug": "turkish-sandwiches", "item": 6, "item_variations": null, "quantity": 4}}, {"model": "core.orderitem", "pk": 734, "fields": {"user": 4, "ordered": true, "title": "Icy Twist", "price": "1.50", "slug": "icytwist", "item": 20, "item_variations": null, "quantity": 1}}, {"model": "core.orderitem", "pk": 735, "fields": {"user": 4, "ordered": true, "title": "Sandwiches", "price": "3.50", "slug": "sandwiches", "item": 5, "item_variations": null, "quantity": 1}}, {"model": "core.orderitem", "pk": 736, "fields": {"user": 4, "ordered": true, "title": "Chicken Sub", "price": "3.50", "slug": "chicken-sub", "item": 4, "item_variations": null, "quantity": 1}}, {"model": "core.orderitem", "pk": 737, "fields": {"user": 4, "ordered": true, "title": "G Force (Raspberry/Blueberry)", "price": "4.00", "slug": "g-force-raspberryblueberry", "item": 36, "item_variations": 12, "quantity": 4}}, {"model": "core.orderitem", "pk": 738, "fields": {"user": 4, "ordered": true, "title": "G Force (Blackcurrent)", "price": "4.00", "slug": "g-force-blackcurrent", "item": 36, "item_variations": 11, "quantity": 3}}, {"model": "core.orderitem", "pk": 739, "fields": {"user": 4, "ordered": true, "title": "Primo 250mL (Lime)", "price": "2.50", "slug": "primo-250ml-lime", "item": 40, "item_variations": 17, "quantity": 4}}, {"model": "core.orderitem", "pk": 740, "fields": {"user": 4, "ordered": true, "title": "Turkish Sandwiches", "price": "4.00", "slug": "turkish-sandwiches", "item": 6, "item_variations": null, "quantity": 4}}, {"model": "core.orderitem", "pk": 741, "fields": {"user": 4, "ordered": true, "title": "Icy Twist", "price": "1.50", "slug": "icytwist", "item": 20, "item_variations": null, "quantity": 2}}, {"model": "core.orderitem", "pk": 742, "fields": {"user": 4, "ordered": true, "title": "Sandwiches", "price": "3.50", "slug": "sandwiches", "item": 5, "item_variations": null, "quantity": 1}}, {"model": "core.orderitem", "pk": 743, "fields": {"user": 4, "ordered": true, "title": "Chicken Sub", "price": "3.50", "slug": "chicken-sub", "item": 4, "item_variations": null, "quantity": 1}}, {"model": "core.orderitem", "pk": 744, "fields": {"user": 4, "ordered": true, "title": "Sausage Rolls", "price": "2.50", "slug": "Sausagerolls", "item": 14, "item_variations": null, "quantity": 2}}, {"model": "core.orderitem", "pk": 745, "fields": {"user": 4, "ordered": true, "title": "Kebabs", "price": "3.50", "slug": "kebabs", "item": 15, "item_variations": null, "quantity": 2}}, {"model": "core.orderitem", "pk": 746, "fields": {"user": 4, "ordered": true, "title": "Croissant", "price": "4.00", "slug": "croissant", "item": 13, "item_variations": null, "quantity": 1}}, {"model": "core.orderitem", "pk": 747, "fields": {"user": 4, "ordered": true, "title": "Mammoth", "price": "4.50", "slug": "mammoth", "item": 37, "item_variations": null, "quantity": 1}}, {"model": "core.orderitem", "pk": 748, "fields": {"user": 4, "ordered": true, "title": "Lipton Ice Tea 500mL", "price": "3.50", "slug": "lipton-ice-tea-500ml", "item": 41, "item_variations": null, "quantity": 1}}, {"model": "core.orderitem", "pk": 749, "fields": {"user": 4, "ordered": true, "title": "Potato Wedges", "price": "3.50", "slug": "potatowedges", "item": 9, "item_variations": null, "quantity": 4}}, {"model": "core.orderitem", "pk": 750, "fields": {"user": 4, "ordered": true, "title": "Turkish Sandwiches", "price": "4.00", "slug": "turkish-sandwiches", "item": 6, "item_variations": null, "quantity": 7}}, {"model": "core.orderitem", "pk": 751, "fields": {"user": 4, "ordered": true, "title": "Meatball Sub", "price": "3.50", "slug": "meatball-sub", "item": 10, "item_variations": null, "quantity": 5}}, {"model": "core.orderitem", "pk": 752, "fields": {"user": 4, "ordered": true, "title": "Turkish Sandwiches", "price": "4.00", "slug": "turkish-sandwiches", "item": 6, "item_variations": null, "quantity": 4}}, {"model": "core.orderitem", "pk": 753, "fields": {"user": 4, "ordered": true, "title": "Icy Twist", "price": "1.50", "slug": "icytwist", "item": 20, "item_variations": null, "quantity": 1}}, {"model": "core.orderitem", "pk": 754, "fields": {"user": 4, "ordered": true, "title": "Sandwiches", "price": "3.50", "slug": "sandwiches", "item": 5, "item_variations": null, "quantity": 1}}, {"model": "core.orderitem", "pk": 755, "fields": {"user": 4, "ordered": true, "title": "Chicken Sub", "price": "3.50", "slug": "chicken-sub", "item": 4, "item_variations": null, "quantity": 1}}, {"model": "core.orderitem", "pk": 768, "fields": {"user": 4, "ordered": true, "title": "Icy Twist", "price": "1.50", "slug": "icytwist", "item": 20, "item_variations": null, "quantity": 1}}, {"model": "core.orderitem", "pk": 769, "fields": {"user": 4, "ordered": true, "title": "Sandwiches", "price": "3.50", "slug": "sandwiches", "item": 5, "item_variations": null, "quantity": 1}}, {"model": "core.orderitem", "pk": 770, "fields": {"user": 4, "ordered": true, "title": "Chicken Sub", "price": "3.50", "slug": "chicken-sub", "item": 4, "item_variations": null, "quantity": 1}}, {"model": "core.orderitem", "pk": 771, "fields": {"user": 4, "ordered": true, "title": "G Force (Blackcurrent)", "price": "4.00", "slug": "g-force-blackcurrent", "item": 36, "item_variations": 11, "quantity": 1}}, {"model": "core.orderitem", "pk": 787, "fields": {"user": 4, "ordered": true, "title": "Turkish Sandwiches", "price": "4.00", "slug": "turkish-sandwiches", "item": 6, "item_variations": null, "quantity": 1}}, {"model": "core.orderitem", "pk": 788, "fields": {"user": 4, "ordered": true, "title": "Large Primo (Lime)", "price": "3.50", "slug": "large-primo-lime", "item": 38, "item_variations": 20, "quantity": 1}}, {"model": "core.orderitem", "pk": 789, "fields": {"user": 4, "ordered": true, "title": "Turkish Sandwiches", "price": "4.00", "slug": "turkish-sandwiches", "item": 6, "item_variations": null, "quantity": 4}}, {"model": "core.orderitem", "pk": 790, "fields": {"user": 4, "ordered": true, "title": "Icy Twist", "price": "1.50", "slug": "icytwist", "item": 20, "item_variations": null, "quantity": 1}}, {"model": "core.orderitem", "pk": 791, "fields": {"user": 4, "ordered": true, "title": "Sandwiches", "price": "3.50", "slug": "sandwiches", "item": 5, "item_variations": null, "quantity": 1}}, {"model": "core.orderitem", "pk": 792, "fields": {"user": 4, "ordered": true, "title": "Chicken Sub", "price": "3.50", "slug": "chicken-sub", "item": 4, "item_variations": null, "quantity": 1}}, {"model": "core.orderitem", "pk": 793, "fields": {"user": 4, "ordered": true, "title": "Chicken Sub", "price": "3.50", "slug": "chicken-sub", "item": 4, "item_variations": null, "quantity": 3}}, {"model": "core.orderitem", "pk": 794, "fields": {"user": 4, "ordered": true, "title": "Potato Wedges", "price": "3.50", "slug": "potatowedges", "item": 9, "item_variations": null, "quantity": 2}}, {"model": "core.orderitem", "pk": 795, "fields": {"user": 4, "ordered": true, "title": "Sandwiches", "price": "3.50", "slug": "sandwiches", "item": 5, "item_variations": null, "quantity": 3}}, {"model": "core.orderitem", "pk": 796, "fields": {"user": 7, "ordered": true, "title": "Sandwiches", "price": "3.50", "slug": "sandwiches", "item": 5, "item_variations": null, "quantity": 1}}, {"model": "core.orderitem", "pk": 797, "fields": {"user": 7, "ordered": true, "title": "G Force (Blackcurrent)", "price": "4.00", "slug": "g-force-blackcurrent", "item": 36, "item_variations": 11, "quantity": 1}}, {"model": "core.orderitem", "pk": 798, "fields": {"user": 7, "ordered": true, "title": "Mizone 750mL (Lime)", "price": "4.00", "slug": "mizone-750ml-lime", "item": 42, "item_variations": 3, "quantity": 1}}, {"model": "core.orderitem", "pk": 799, "fields": {"user": 7, "ordered": true, "title": "Chicken Salad", "price": "5.00", "slug": "chicken-salad", "item": 7, "item_variations": null, "quantity": 1}}, {"model": "core.orderitem", "pk": 800, "fields": {"user": 7, "ordered": true, "title": "Sandwiches", "price": "3.50", "slug": "sandwiches", "item": 5, "item_variations": null, "quantity": 1}}, {"model": "core.orderitem", "pk": 802, "fields": {"user": 7, "ordered": true, "title": "Mizone 750mL (Lime)", "price": "4.00", "slug": "mizone-750ml-lime", "item": 42, "item_variations": 3, "quantity": 3}}, {"model": "core.orderitem", "pk": 804, "fields": {"user": 7, "ordered": true, "title": "Chicken Salad", "price": "5.00", "slug": "chicken-salad", "item": 7, "item_variations": null, "quantity": 1}}, {"model": "core.orderitem", "pk": 805, "fields": {"user": 7, "ordered": false, "title": "Turkish Sandwiches", "price": "4.00", "slug": "turkish-sandwiches", "item": 6, "item_variations": null, "quantity": 10}}, {"model": "core.orderitem", "pk": 806, "fields": {"user": 7, "ordered": false, "title": "Sandwiches", "price": "3.50", "slug": "sandwiches", "item": 5, "item_variations": null, "quantity": 5}}, {"model": "core.orderitem", "pk": 807, "fields": {"user": 7, "ordered": false, "title": "Chicken Sub", "price": "3.50", "slug": "chicken-sub", "item": 4, "item_variations": null, "quantity": 1}}, {"model": "core.orderitem", "pk": 808, "fields": {"user": 4, "ordered": true, "title": "Healthy Grain Roll", "price": "3.00", "slug": "healthy-grain-roll", "item": 27, "item_variations": null, "quantity": 1}}, {"model": "core.orderitem", "pk": 809, "fields": {"user": 1, "ordered": true, "title": "Sandwiches", "price": "3.50", "slug": "sandwiches", "item": 5, "item_variations": null, "quantity": 2}}, {"model": "core.orderitem", "pk": 810, "fields": {"user": 1, "ordered": true, "title": "Turkish Sandwiches", "price": "4.00", "slug": "turkish-sandwiches", "item": 6, "item_variations": null, "quantity": 1}}, {"model": "core.orderitem", "pk": 811, "fields": {"user": 1, "ordered": true, "title": "Chicken Sub", "price": "3.50", "slug": "chicken-sub", "item": 4, "item_variations": null, "quantity": 1}}, {"model": "core.orderitem", "pk": 812, "fields": {"user": 1, "ordered": true, "title": "Turkish Sandwiches", "price": "4.00", "slug": "turkish-sandwiches", "item": 6, "item_variations": null, "quantity": 1}}, {"model": "core.orderitem", "pk": 813, "fields": {"user": 1, "ordered": true, "title": "Chicken Sub", "price": "3.50", "slug": "chicken-sub", "item": 4, "item_variations": null, "quantity": 1}}, {"model": "core.order", "pk": 430, "fields": {"user": 4, "ref_code": "wvhtuxjwzm", "start_date": "2020-07-30T03:24:35.875Z", "order_date": "2020-07-30T03:26:20.667Z", "ordered": true, "pickup_date": "2020-07-30", "break_choice": "T", "payment_option": "B", "order_total": "3.50", "items": [513]}}, {"model": "core.order", "pk": 431, "fields": {"user": 29, "ref_code": "ogmgq2de98", "start_date": "2020-07-30T03:35:48.412Z", "order_date": "2020-07-30T03:36:24.434Z", "ordered": true, "pickup_date": "2020-07-30", "break_choice": "T", "payment_option": "C", "order_total": "3.50", "items": [514]}}, {"model": "core.order", "pk": 432, "fields": {"user": 30, "ref_code": null, "start_date": "2020-07-30T03:39:47.890Z", "order_date": "2020-07-30T03:39:47.890Z", "ordered": false, "pickup_date": "2020-07-30", "break_choice": "T", "payment_option": "B", "order_total": "0.00", "items": [515, 516]}}, {"model": "core.order", "pk": 433, "fields": {"user": 32, "ref_code": "5370iwba7p", "start_date": "2020-07-30T03:51:08.093Z", "order_date": "2020-07-30T03:51:13.918Z", "ordered": true, "pickup_date": "2020-07-30", "break_choice": "T", "payment_option": "B", "order_total": "3.50", "items": [517]}}, {"model": "core.order", "pk": 434, "fields": {"user": 33, "ref_code": "p4rsit6xbp", "start_date": "2020-07-30T04:00:48.361Z", "order_date": "2020-07-30T04:01:27.780Z", "ordered": true, "pickup_date": "2020-07-30", "break_choice": "T", "payment_option": "B", "order_total": "3.50", "items": [518]}}, {"model": "core.order", "pk": 435, "fields": {"user": 4, "ref_code": "hi35fgkwc9", "start_date": "2020-07-30T04:11:25.785Z", "order_date": "2020-07-30T22:22:45.865Z", "ordered": true, "pickup_date": "2020-07-31", "break_choice": "T", "payment_option": "B", "order_total": "24.50", "items": [519, 536, 537, 540]}}, {"model": "core.order", "pk": 436, "fields": {"user": 33, "ref_code": "2wt1allixn", "start_date": "2020-07-30T04:16:35.270Z", "order_date": "2020-07-30T04:16:46.321Z", "ordered": true, "pickup_date": "2020-07-30", "break_choice": "T", "payment_option": "B", "order_total": "8.00", "items": [520]}}, {"model": "core.order", "pk": 437, "fields": {"user": 33, "ref_code": "n1q9s0q4op", "start_date": "2020-07-30T04:17:21.245Z", "order_date": "2020-07-30T04:18:20.770Z", "ordered": true, "pickup_date": "2020-07-30", "break_choice": "L", "payment_option": "B", "order_total": "8.50", "items": [521, 522]}}, {"model": "core.order", "pk": 438, "fields": {"user": 32, "ref_code": "9nq5b6moi6", "start_date": "2020-07-30T04:25:43.653Z", "order_date": "2020-07-30T04:25:58.895Z", "ordered": true, "pickup_date": "2020-07-30", "break_choice": "L", "payment_option": "C", "order_total": "3.50", "items": [523]}}, {"model": "core.order", "pk": 439, "fields": {"user": 32, "ref_code": "iiqff499v5", "start_date": "2020-07-30T04:41:20.359Z", "order_date": "2020-07-30T04:49:22.527Z", "ordered": true, "pickup_date": "2020-07-30", "break_choice": "T", "payment_option": "B", "order_total": "35.00", "items": [524]}}, {"model": "core.order", "pk": 440, "fields": {"user": 33, "ref_code": "scup90hyab", "start_date": "2020-07-30T04:49:29.484Z", "order_date": "2020-07-30T04:49:34.612Z", "ordered": true, "pickup_date": "2020-07-30", "break_choice": "T", "payment_option": "B", "order_total": "3.50", "items": [525]}}, {"model": "core.order", "pk": 441, "fields": {"user": 33, "ref_code": "ka4g740q74", "start_date": "2020-07-30T05:00:27.690Z", "order_date": "2020-07-30T05:00:33.213Z", "ordered": true, "pickup_date": "2020-07-30", "break_choice": "T", "payment_option": "B", "order_total": "3.50", "items": [526]}}, {"model": "core.order", "pk": 442, "fields": {"user": 33, "ref_code": "re2z78aqwo", "start_date": "2020-07-30T05:05:55.541Z", "order_date": "2020-07-30T05:06:11.311Z", "ordered": true, "pickup_date": "2020-07-30", "break_choice": "T", "payment_option": "B", "order_total": "8.00", "items": [527]}}, {"model": "core.order", "pk": 443, "fields": {"user": 33, "ref_code": "au2mu3z0ea", "start_date": "2020-07-30T05:11:09.803Z", "order_date": "2020-07-30T05:11:26.899Z", "ordered": true, "pickup_date": "2020-07-30", "break_choice": "T", "payment_option": "B", "order_total": "36.00", "items": [528]}}, {"model": "core.order", "pk": 444, "fields": {"user": 33, "ref_code": "re29w2wkmi", "start_date": "2020-07-30T05:11:36.826Z", "order_date": "2020-07-30T05:12:19.428Z", "ordered": true, "pickup_date": "2020-07-30", "break_choice": "T", "payment_option": "B", "order_total": "25.00", "items": [529, 530, 531, 532, 533, 534, 535]}}, {"model": "core.order", "pk": 445, "fields": {"user": 32, "ref_code": "lsv3cmivmq", "start_date": "2020-07-30T05:49:22.189Z", "order_date": "2020-07-30T05:49:29.321Z", "ordered": true, "pickup_date": "2020-07-30", "break_choice": "T", "payment_option": "B", "order_total": "4.00", "items": [538]}}, {"model": "core.order", "pk": 446, "fields": {"user": 32, "ref_code": "e2dgh4axvd", "start_date": "2020-07-30T05:56:07.270Z", "order_date": "2020-07-30T05:56:15.851Z", "ordered": true, "pickup_date": "2020-07-30", "break_choice": "T", "payment_option": "B", "order_total": "3.50", "items": [539]}}, {"model": "core.order", "pk": 447, "fields": {"user": 4, "ref_code": "dyzwydagtl", "start_date": "2020-07-30T22:22:48.998Z", "order_date": "2020-07-30T22:22:52.997Z", "ordered": true, "pickup_date": "2020-07-31", "break_choice": "T", "payment_option": "B", "order_total": "24.50", "items": [541, 542, 543, 544]}}, {"model": "core.order", "pk": 448, "fields": {"user": 34, "ref_code": "2mn2gtfa48", "start_date": "2020-07-30T22:28:34.817Z", "order_date": "2020-07-30T22:28:50.758Z", "ordered": true, "pickup_date": "2020-07-31", "break_choice": "L", "payment_option": "B", "order_total": "3.50", "items": [545]}}, {"model": "core.order", "pk": 449, "fields": {"user": 34, "ref_code": "ciq3bysrdp", "start_date": "2020-07-30T22:29:29.368Z", "order_date": "2020-07-30T22:30:41.570Z", "ordered": true, "pickup_date": "2020-07-31", "break_choice": "T", "payment_option": "C", "order_total": "3.50", "items": [551]}}, {"model": "core.order", "pk": 450, "fields": {"user": 35, "ref_code": "f0g51anusg", "start_date": "2020-07-30T22:29:38.274Z", "order_date": "2020-07-30T22:29:42.982Z", "ordered": true, "pickup_date": "2020-07-31", "break_choice": "T", "payment_option": "C", "order_total": "3.50", "items": [547]}}, {"model": "core.order", "pk": 451, "fields": {"user": 35, "ref_code": "bxtbj6y7kh", "start_date": "2020-07-30T22:29:47.318Z", "order_date": "2020-07-30T22:30:14.960Z", "ordered": true, "pickup_date": "2020-07-31", "break_choice": "T", "payment_option": "C", "order_total": "7.00", "items": [548, 549]}}, {"model": "core.order", "pk": 452, "fields": {"user": 35, "ref_code": "x6v9ttkx65", "start_date": "2020-07-30T22:30:33.756Z", "order_date": "2020-07-30T22:30:38.376Z", "ordered": true, "pickup_date": "2020-07-31", "break_choice": "T", "payment_option": "C", "order_total": "4.00", "items": [550]}}, {"model": "core.order", "pk": 453, "fields": {"user": 35, "ref_code": "eko39qvepb", "start_date": "2020-07-30T22:30:43.115Z", "order_date": "2020-07-30T22:30:52.250Z", "ordered": true, "pickup_date": "2020-07-31", "break_choice": "T", "payment_option": "C", "order_total": "5.00", "items": [552]}}, {"model": "core.order", "pk": 454, "fields": {"user": 35, "ref_code": "czzmip9922", "start_date": "2020-07-30T22:31:05.705Z", "order_date": "2020-07-30T22:31:10.442Z", "ordered": true, "pickup_date": "2020-07-31", "break_choice": "T", "payment_option": "C", "order_total": "1.50", "items": [553]}}, {"model": "core.order", "pk": 455, "fields": {"user": 35, "ref_code": "w0opeljh7x", "start_date": "2020-07-30T22:31:15.558Z", "order_date": "2020-07-30T22:31:19.524Z", "ordered": true, "pickup_date": "2020-07-31", "break_choice": "T", "payment_option": "C", "order_total": "3.50", "items": [554]}}, {"model": "core.order", "pk": 456, "fields": {"user": 34, "ref_code": "lacsgnuepi", "start_date": "2020-07-30T22:31:21.474Z", "order_date": "2020-07-30T22:31:29.209Z", "ordered": true, "pickup_date": "2020-07-31", "break_choice": "T", "payment_option": "B", "order_total": "3.50", "items": [555]}}, {"model": "core.order", "pk": 457, "fields": {"user": 35, "ref_code": "yv5ydwjj7w", "start_date": "2020-07-30T22:31:23.797Z", "order_date": "2020-07-30T22:31:28.641Z", "ordered": true, "pickup_date": "2020-07-31", "break_choice": "T", "payment_option": "C", "order_total": "3.50", "items": [556]}}, {"model": "core.order", "pk": 458, "fields": {"user": 35, "ref_code": "c50bxhpxwe", "start_date": "2020-07-30T22:31:34.068Z", "order_date": "2020-07-30T22:31:42.294Z", "ordered": true, "pickup_date": "2020-07-31", "break_choice": "T", "payment_option": "C", "order_total": "3.50", "items": [557]}}, {"model": "core.order", "pk": 459, "fields": {"user": 34, "ref_code": "h5dsibap7o", "start_date": "2020-07-30T22:32:38.939Z", "order_date": "2020-07-30T22:32:42.068Z", "ordered": true, "pickup_date": "2020-07-31", "break_choice": "T", "payment_option": "B", "order_total": "4.00", "items": [558]}}, {"model": "core.order", "pk": 460, "fields": {"user": 34, "ref_code": "3a8y9rgdb3", "start_date": "2020-07-30T22:32:43.298Z", "order_date": "2020-07-30T22:32:45.386Z", "ordered": true, "pickup_date": "2020-07-31", "break_choice": "T", "payment_option": "B", "order_total": "4.00", "items": [559]}}, {"model": "core.order", "pk": 461, "fields": {"user": 34, "ref_code": "6qj1esm69b", "start_date": "2020-07-30T22:32:46.603Z", "order_date": "2020-07-30T22:32:48.920Z", "ordered": true, "pickup_date": "2020-07-31", "break_choice": "T", "payment_option": "B", "order_total": "4.00", "items": [560]}}, {"model": "core.order", "pk": 462, "fields": {"user": 34, "ref_code": "dx0re78jaz", "start_date": "2020-07-30T22:32:49.896Z", "order_date": "2020-07-30T22:32:51.905Z", "ordered": true, "pickup_date": "2020-07-31", "break_choice": "T", "payment_option": "B", "order_total": "3.50", "items": [561]}}, {"model": "core.order", "pk": 463, "fields": {"user": 34, "ref_code": "e09m0khnun", "start_date": "2020-07-30T22:32:53.033Z", "order_date": "2020-07-30T22:32:55.021Z", "ordered": true, "pickup_date": "2020-07-31", "break_choice": "T", "payment_option": "C", "order_total": "3.50", "items": [562]}}, {"model": "core.order", "pk": 464, "fields": {"user": 34, "ref_code": "28y178m7u1", "start_date": "2020-07-30T22:32:56.194Z", "order_date": "2020-07-30T22:32:58.975Z", "ordered": true, "pickup_date": "2020-07-31", "break_choice": "T", "payment_option": "C", "order_total": "5.00", "items": [563]}}, {"model": "core.order", "pk": 465, "fields": {"user": 34, "ref_code": "xpgydcg960", "start_date": "2020-07-30T22:33:17.413Z", "order_date": "2020-07-30T22:33:19.191Z", "ordered": true, "pickup_date": "2020-07-31", "break_choice": "T", "payment_option": "C", "order_total": "5.00", "items": [564]}}, {"model": "core.order", "pk": 466, "fields": {"user": 34, "ref_code": "r1shn7lyfu", "start_date": "2020-07-30T22:33:20.160Z", "order_date": "2020-07-30T22:33:21.897Z", "ordered": true, "pickup_date": "2020-07-31", "break_choice": "T", "payment_option": "B", "order_total": "5.00", "items": [565]}}, {"model": "core.order", "pk": 467, "fields": {"user": 34, "ref_code": "2cc8n6r7pk", "start_date": "2020-07-30T22:33:22.829Z", "order_date": "2020-07-30T22:33:24.669Z", "ordered": true, "pickup_date": "2020-07-31", "break_choice": "T", "payment_option": "C", "order_total": "5.00", "items": [566]}}, {"model": "core.order", "pk": 468, "fields": {"user": 34, "ref_code": "omisbpcdfm", "start_date": "2020-07-30T22:33:25.649Z", "order_date": "2020-07-30T22:33:28.719Z", "ordered": true, "pickup_date": "2020-07-31", "break_choice": "T", "payment_option": "B", "order_total": "5.00", "items": [567]}}, {"model": "core.order", "pk": 469, "fields": {"user": 34, "ref_code": "kayzet70ca", "start_date": "2020-07-30T22:33:35.208Z", "order_date": "2020-07-30T22:33:37.155Z", "ordered": true, "pickup_date": "2020-07-31", "break_choice": "T", "payment_option": "C", "order_total": "5.00", "items": [568]}}, {"model": "core.order", "pk": 470, "fields": {"user": 34, "ref_code": "14c7qhhjg4", "start_date": "2020-07-30T22:33:38.120Z", "order_date": "2020-07-30T22:33:40.023Z", "ordered": true, "pickup_date": "2020-07-31", "break_choice": "T", "payment_option": "B", "order_total": "4.00", "items": [569]}}, {"model": "core.order", "pk": 471, "fields": {"user": 34, "ref_code": "7r9bjpmmmi", "start_date": "2020-07-30T22:33:41.214Z", "order_date": "2020-07-30T22:33:43.014Z", "ordered": true, "pickup_date": "2020-07-31", "break_choice": "T", "payment_option": "C", "order_total": "3.50", "items": [570]}}, {"model": "core.order", "pk": 472, "fields": {"user": 34, "ref_code": "ce86j1crdn", "start_date": "2020-07-30T22:33:45.773Z", "order_date": "2020-07-30T22:33:47.839Z", "ordered": true, "pickup_date": "2020-07-31", "break_choice": "T", "payment_option": "B", "order_total": "3.50", "items": [571]}}, {"model": "core.order", "pk": 473, "fields": {"user": 34, "ref_code": "p1kre1dh1x", "start_date": "2020-07-30T22:34:25.688Z", "order_date": "2020-07-30T22:34:27.767Z", "ordered": true, "pickup_date": "2020-07-31", "break_choice": "T", "payment_option": "B", "order_total": "3.50", "items": [572]}}, {"model": "core.order", "pk": 474, "fields": {"user": 34, "ref_code": "d3252lerc3", "start_date": "2020-07-30T22:34:30.835Z", "order_date": "2020-07-30T22:34:34.203Z", "ordered": true, "pickup_date": "2020-07-31", "break_choice": "T", "payment_option": "C", "order_total": "3.50", "items": [573]}}, {"model": "core.order", "pk": 475, "fields": {"user": 34, "ref_code": "p4eodz7n2n", "start_date": "2020-07-30T22:34:43.414Z", "order_date": "2020-07-30T22:34:45.065Z", "ordered": true, "pickup_date": "2020-07-31", "break_choice": "T", "payment_option": "C", "order_total": "3.50", "items": [574]}}, {"model": "core.order", "pk": 476, "fields": {"user": 34, "ref_code": "6tleo7inqy", "start_date": "2020-07-30T22:34:50.592Z", "order_date": "2020-07-30T22:34:52.787Z", "ordered": true, "pickup_date": "2020-07-31", "break_choice": "T", "payment_option": "C", "order_total": "3.50", "items": [575]}}, {"model": "core.order", "pk": 477, "fields": {"user": 34, "ref_code": "o9dbwj4jgc", "start_date": "2020-07-30T22:34:55.813Z", "order_date": "2020-07-30T22:34:57.650Z", "ordered": true, "pickup_date": "2020-07-31", "break_choice": "T", "payment_option": "B", "order_total": "5.00", "items": [576]}}, {"model": "core.order", "pk": 478, "fields": {"user": 34, "ref_code": "bag807p5um", "start_date": "2020-07-30T22:35:42.198Z", "order_date": "2020-07-30T22:35:45.170Z", "ordered": true, "pickup_date": "2020-07-31", "break_choice": "T", "payment_option": "B", "order_total": "3.00", "items": [577]}}, {"model": "core.order", "pk": 479, "fields": {"user": 34, "ref_code": "4q1mkcakim", "start_date": "2020-07-30T22:36:27.872Z", "order_date": "2020-07-30T22:36:30.243Z", "ordered": true, "pickup_date": "2020-07-31", "break_choice": "T", "payment_option": "B", "order_total": "5.00", "items": [578]}}, {"model": "core.order", "pk": 480, "fields": {"user": 4, "ref_code": "rlmtvym0zh", "start_date": "2020-07-31T00:59:22.943Z", "order_date": "2020-07-31T00:59:28.208Z", "ordered": true, "pickup_date": "2020-07-31", "break_choice": "T", "payment_option": "B", "order_total": "7.00", "items": [579]}}, {"model": "core.order", "pk": 481, "fields": {"user": 4, "ref_code": "btgv8b8lsi", "start_date": "2020-07-31T01:12:58.090Z", "order_date": "2020-07-31T01:13:14.569Z", "ordered": true, "pickup_date": "2020-07-31", "break_choice": "T", "payment_option": "B", "order_total": "7.50", "items": [580, 581]}}, {"model": "core.order", "pk": 483, "fields": {"user": 4, "ref_code": "8jnx0xev6z", "start_date": "2020-08-02T01:17:08.626Z", "order_date": "2020-08-02T01:23:17.888Z", "ordered": true, "pickup_date": "2020-08-02", "break_choice": "T", "payment_option": "B", "order_total": "24.50", "items": [586, 587, 588, 589]}}, {"model": "core.order", "pk": 484, "fields": {"user": 4, "ref_code": "j45akto0fv", "start_date": "2020-08-02T01:23:21.073Z", "order_date": "2020-08-02T01:23:26.154Z", "ordered": true, "pickup_date": "2020-08-02", "break_choice": "T", "payment_option": "B", "order_total": "24.50", "items": [590, 591, 592, 593]}}, {"model": "core.order", "pk": 486, "fields": {"user": 4, "ref_code": "f2jjgwy2l8", "start_date": "2020-08-02T02:10:03.140Z", "order_date": "2020-08-02T02:10:06.204Z", "ordered": true, "pickup_date": "2020-08-02", "break_choice": "T", "payment_option": "B", "order_total": "24.50", "items": [595, 596, 597, 598]}}, {"model": "core.order", "pk": 487, "fields": {"user": 4, "ref_code": "e6f9esms7q", "start_date": "2020-08-02T02:10:08.999Z", "order_date": "2020-08-02T02:10:11.931Z", "ordered": true, "pickup_date": "2020-08-02", "break_choice": "T", "payment_option": "B", "order_total": "24.50", "items": [599, 600, 601, 602]}}, {"model": "core.order", "pk": 488, "fields": {"user": 4, "ref_code": "e1ksj2zgz8", "start_date": "2020-08-02T02:10:19.978Z", "order_date": "2020-08-02T02:10:22.952Z", "ordered": true, "pickup_date": "2020-08-02", "break_choice": "T", "payment_option": "B", "order_total": "24.50", "items": [603, 604, 605, 606]}}, {"model": "core.order", "pk": 489, "fields": {"user": 4, "ref_code": "hc5820cpgk", "start_date": "2020-08-02T02:10:25.284Z", "order_date": "2020-08-02T02:10:31.015Z", "ordered": true, "pickup_date": "2020-08-02", "break_choice": "T", "payment_option": "B", "order_total": "8.50", "items": [607, 608]}}, {"model": "core.order", "pk": 490, "fields": {"user": 4, "ref_code": "m1bqfg959u", "start_date": "2020-08-02T02:10:36.047Z", "order_date": "2020-08-02T02:10:45.380Z", "ordered": true, "pickup_date": "2020-08-02", "break_choice": "T", "payment_option": "B", "order_total": "32.00", "items": [609, 610]}}, {"model": "core.order", "pk": 491, "fields": {"user": 4, "ref_code": "erppn81ju8", "start_date": "2020-08-02T02:10:49.983Z", "order_date": "2020-08-02T02:10:52.594Z", "ordered": true, "pickup_date": "2020-08-02", "break_choice": "T", "payment_option": "B", "order_total": "32.00", "items": [611, 612]}}, {"model": "core.order", "pk": 492, "fields": {"user": 4, "ref_code": "dsls92l7nu", "start_date": "2020-08-02T02:10:57.298Z", "order_date": "2020-08-02T02:11:01.595Z", "ordered": true, "pickup_date": "2020-08-02", "break_choice": "T", "payment_option": "C", "order_total": "24.50", "items": [613, 614, 615, 616]}}, {"model": "core.order", "pk": 493, "fields": {"user": 4, "ref_code": "sd1noya15t", "start_date": "2020-08-02T02:27:41.755Z", "order_date": "2020-08-02T02:27:45.675Z", "ordered": true, "pickup_date": "2020-08-02", "break_choice": "T", "payment_option": "B", "order_total": "24.50", "items": [617, 618, 619, 620]}}, {"model": "core.order", "pk": 494, "fields": {"user": 4, "ref_code": "xbfesddha1", "start_date": "2020-08-02T02:27:48.163Z", "order_date": "2020-08-02T02:29:15.736Z", "ordered": true, "pickup_date": "2020-08-02", "break_choice": "T", "payment_option": "B", "order_total": "50.00", "items": [621, 622, 623, 624, 625, 626, 627, 628, 629]}}, {"model": "core.order", "pk": 496, "fields": {"user": 4, "ref_code": "dd5il9wslj", "start_date": "2020-08-02T02:30:00.228Z", "order_date": "2020-08-02T02:31:07.089Z", "ordered": true, "pickup_date": "2020-08-02", "break_choice": "T", "payment_option": "B", "order_total": "50.00", "items": [632, 633, 634, 635, 636, 637, 638, 639, 640]}}, {"model": "core.order", "pk": 497, "fields": {"user": 4, "ref_code": "ssr398uoaq", "start_date": "2020-08-02T02:31:15.925Z", "order_date": "2020-08-02T02:31:18.818Z", "ordered": true, "pickup_date": "2020-08-02", "break_choice": "T", "payment_option": "B", "order_total": "3.50", "items": [641]}}, {"model": "core.order", "pk": 498, "fields": {"user": 4, "ref_code": "6ab533a9uw", "start_date": "2020-08-02T02:31:23.172Z", "order_date": "2020-08-02T02:31:31.386Z", "ordered": true, "pickup_date": "2020-08-02", "break_choice": "T", "payment_option": "B", "order_total": "50.00", "items": [642, 643, 644, 645, 646, 647, 648, 649, 650]}}, {"model": "core.order", "pk": 499, "fields": {"user": 4, "ref_code": "ca21ijnbw5", "start_date": "2020-08-02T21:05:46.471Z", "order_date": "2020-08-02T21:05:51.247Z", "ordered": true, "pickup_date": "2020-08-03", "break_choice": "T", "payment_option": "B", "order_total": "50.00", "items": [651, 652, 653, 654, 655, 656, 657, 658, 659]}}, {"model": "core.order", "pk": 500, "fields": {"user": 4, "ref_code": "u3po4aa0sg", "start_date": "2020-08-02T21:05:58.744Z", "order_date": "2020-08-02T21:06:02.043Z", "ordered": true, "pickup_date": "2020-08-03", "break_choice": "T", "payment_option": "B", "order_total": "24.50", "items": [660, 661, 662, 663]}}, {"model": "core.order", "pk": 501, "fields": {"user": 4, "ref_code": "3udi3k3ur4", "start_date": "2020-08-02T21:06:04.784Z", "order_date": "2020-08-02T21:06:09.518Z", "ordered": true, "pickup_date": "2020-08-03", "break_choice": "T", "payment_option": "B", "order_total": "50.00", "items": [664, 665, 666, 667, 668, 669, 670, 671, 672]}}, {"model": "core.order", "pk": 502, "fields": {"user": 4, "ref_code": "5estjyil8e", "start_date": "2020-08-02T21:06:12.712Z", "order_date": "2020-08-02T21:06:15.626Z", "ordered": true, "pickup_date": "2020-08-03", "break_choice": "T", "payment_option": "B", "order_total": "24.50", "items": [673, 674, 675, 676]}}, {"model": "core.order", "pk": 503, "fields": {"user": 4, "ref_code": "w232jh3l1p", "start_date": "2020-08-02T21:06:18.557Z", "order_date": "2020-08-02T21:06:23.004Z", "ordered": true, "pickup_date": "2020-08-03", "break_choice": "T", "payment_option": "B", "order_total": "50.00", "items": [677, 678, 679, 680, 681, 682, 683, 684, 685]}}, {"model": "core.order", "pk": 504, "fields": {"user": 4, "ref_code": "casyb6b9vx", "start_date": "2020-08-02T21:06:27.080Z", "order_date": "2020-08-02T21:06:31.482Z", "ordered": true, "pickup_date": "2020-08-03", "break_choice": "T", "payment_option": "B", "order_total": "50.00", "items": [686, 687, 688, 689, 690, 691, 692, 693, 694]}}, {"model": "core.order", "pk": 505, "fields": {"user": 1, "ref_code": "m31c9z1tzn", "start_date": "2020-08-03T00:29:45.683Z", "order_date": "2020-08-31T22:11:33.758Z", "ordered": true, "pickup_date": "2020-09-02", "break_choice": "T", "payment_option": "B", "order_total": "7.00", "items": [809]}}, {"model": "core.order", "pk": 506, "fields": {"user": 4, "ref_code": "p76ssok3gm", "start_date": "2020-08-03T00:48:22.021Z", "order_date": "2020-08-03T01:41:29.554Z", "ordered": true, "pickup_date": "2020-08-04", "break_choice": "T", "payment_option": "B", "order_total": "3.50", "items": [696]}}, {"model": "core.order", "pk": 507, "fields": {"user": 4, "ref_code": "nggg7t3xo3", "start_date": "2020-08-03T01:51:43.576Z", "order_date": "2020-08-03T22:54:28.624Z", "ordered": true, "pickup_date": "2020-08-05", "break_choice": "T", "payment_option": "B", "order_total": "5.00", "items": [697]}}, {"model": "core.order", "pk": 508, "fields": {"user": 4, "ref_code": "y28jvp3jue", "start_date": "2020-08-03T23:08:32.000Z", "order_date": "2020-08-03T23:10:47.824Z", "ordered": true, "pickup_date": "2020-08-05", "break_choice": "T", "payment_option": "B", "order_total": "26.50", "items": [698, 699]}}, {"model": "core.order", "pk": 509, "fields": {"user": 4, "ref_code": "s9rnulwnly", "start_date": "2020-08-03T23:11:10.750Z", "order_date": "2020-08-03T23:25:28.121Z", "ordered": true, "pickup_date": "2020-08-05", "break_choice": "T", "payment_option": "B", "order_total": "8.00", "items": [700, 701]}}, {"model": "core.order", "pk": 510, "fields": {"user": 4, "ref_code": "pr0emw18w5", "start_date": "2020-08-03T23:26:16.935Z", "order_date": "2020-08-04T00:28:23.316Z", "ordered": true, "pickup_date": "2020-08-05", "break_choice": "L", "payment_option": "B", "order_total": "14.00", "items": [703]}}, {"model": "core.order", "pk": 512, "fields": {"user": 4, "ref_code": "3hz5y8wxpv", "start_date": "2020-08-04T20:32:58.308Z", "order_date": "2020-08-04T20:33:06.405Z", "ordered": true, "pickup_date": "2020-08-05", "break_choice": "T", "payment_option": "B", "order_total": "50.00", "items": [705, 706, 707, 708, 709, 710, 711, 712, 713]}}, {"model": "core.order", "pk": 513, "fields": {"user": 7, "ref_code": "m4rfd7wwvn", "start_date": "2020-08-04T21:30:58.787Z", "order_date": "2020-08-04T21:40:05.104Z", "ordered": true, "pickup_date": "2020-08-06", "break_choice": "T", "payment_option": "B", "order_total": "5.00", "items": [714]}}, {"model": "core.order", "pk": 514, "fields": {"user": 7, "ref_code": "un4hz9uh58", "start_date": "2020-08-04T21:47:41.615Z", "order_date": "2020-08-04T21:48:09.975Z", "ordered": true, "pickup_date": "2020-08-06", "break_choice": "T", "payment_option": "B", "order_total": "30.00", "items": [715]}}, {"model": "core.order", "pk": 515, "fields": {"user": 4, "ref_code": "icamn9anm5", "start_date": "2020-08-04T21:50:53.206Z", "order_date": "2020-08-06T02:06:30.611Z", "ordered": true, "pickup_date": "2020-08-07", "break_choice": "T", "payment_option": "B", "order_total": "21.00", "items": [718]}}, {"model": "core.order", "pk": 516, "fields": {"user": 4, "ref_code": "yvi84zn16p", "start_date": "2020-08-06T03:02:26.724Z", "order_date": "2020-08-06T03:03:09.224Z", "ordered": true, "pickup_date": "2020-08-07", "break_choice": "T", "payment_option": "B", "order_total": "38.00", "items": [719, 720, 721]}}, {"model": "core.order", "pk": 517, "fields": {"user": 4, "ref_code": "l64f5mmf30", "start_date": "2020-08-06T03:05:15.757Z", "order_date": "2020-08-09T23:23:43.509Z", "ordered": true, "pickup_date": "2020-08-11", "break_choice": "T", "payment_option": "B", "order_total": "45.50", "items": [716, 722]}}, {"model": "core.order", "pk": 519, "fields": {"user": 4, "ref_code": "7yhdtdol62", "start_date": "2020-08-10T06:46:07.933Z", "order_date": "2020-08-10T08:53:26.752Z", "ordered": true, "pickup_date": "2020-08-11", "break_choice": "T", "payment_option": "B", "order_total": "45.50", "items": [724, 725]}}, {"model": "core.order", "pk": 522, "fields": {"user": 7, "ref_code": "ilg6bmpa40", "start_date": "2020-08-10T21:38:35.219Z", "order_date": "2020-08-20T03:11:29.859Z", "ordered": true, "pickup_date": "2020-08-21", "break_choice": "T", "payment_option": "B", "order_total": "21.50", "items": [728, 796, 797, 798]}}, {"model": "core.order", "pk": 523, "fields": {"user": 4, "ref_code": "e5ziryychn", "start_date": "2020-08-10T21:56:08.348Z", "order_date": "2020-08-18T02:38:00.928Z", "ordered": true, "pickup_date": "2020-08-19", "break_choice": "T", "payment_option": "B", "order_total": "49.00", "items": [729, 730, 731]}}, {"model": "core.order", "pk": 524, "fields": {"user": 4, "ref_code": "ifseky6shq", "start_date": "2020-08-18T02:38:03.102Z", "order_date": "2020-08-18T02:38:06.539Z", "ordered": true, "pickup_date": "2020-08-19", "break_choice": "T", "payment_option": "B", "order_total": "4.00", "items": [732]}}, {"model": "core.order", "pk": 525, "fields": {"user": 4, "ref_code": "gsqm88zbmb", "start_date": "2020-08-18T02:38:20.296Z", "order_date": "2020-08-18T02:38:24.309Z", "ordered": true, "pickup_date": "2020-08-19", "break_choice": "T", "payment_option": "B", "order_total": "24.50", "items": [733, 734, 735, 736]}}, {"model": "core.order", "pk": 526, "fields": {"user": 4, "ref_code": "9u1382sxvo", "start_date": "2020-08-18T02:38:35.298Z", "order_date": "2020-08-18T02:38:39.028Z", "ordered": true, "pickup_date": "2020-08-19", "break_choice": "T", "payment_option": "B", "order_total": "38.00", "items": [737, 738, 739]}}, {"model": "core.order", "pk": 527, "fields": {"user": 4, "ref_code": "etqwvmerw4", "start_date": "2020-08-18T02:38:44.491Z", "order_date": "2020-08-18T02:38:48.919Z", "ordered": true, "pickup_date": "2020-08-19", "break_choice": "T", "payment_option": "B", "order_total": "50.00", "items": [740, 741, 742, 743, 744, 745, 746, 747, 748]}}, {"model": "core.order", "pk": 528, "fields": {"user": 4, "ref_code": "ky3vv47r69", "start_date": "2020-08-18T03:24:48.256Z", "order_date": "2020-08-18T03:24:51.825Z", "ordered": true, "pickup_date": "2020-08-19", "break_choice": "T", "payment_option": "B", "order_total": "14.00", "items": [749]}}, {"model": "core.order", "pk": 529, "fields": {"user": 4, "ref_code": "zfv031yl8k", "start_date": "2020-08-18T03:25:13.897Z", "order_date": "2020-08-18T03:25:17.089Z", "ordered": true, "pickup_date": "2020-08-19", "break_choice": "T", "payment_option": "B", "order_total": "45.50", "items": [750, 751]}}, {"model": "core.order", "pk": 530, "fields": {"user": 4, "ref_code": "o3t8wcwf9m", "start_date": "2020-08-18T03:25:28.560Z", "order_date": "2020-08-18T03:25:33.430Z", "ordered": true, "pickup_date": "2020-08-19", "break_choice": "T", "payment_option": "B", "order_total": "24.50", "items": [752, 753, 754, 755]}}, {"model": "core.order", "pk": 534, "fields": {"user": 4, "ref_code": "51n1gf5bot", "start_date": "2020-08-18T06:49:48.758Z", "order_date": "2020-08-18T21:50:28.666Z", "ordered": true, "pickup_date": "2020-08-20", "break_choice": "T", "payment_option": "B", "order_total": "12.50", "items": [768, 769, 770, 771]}}, {"model": "core.order", "pk": 539, "fields": {"user": 4, "ref_code": "ik0eo87a71", "start_date": "2020-08-18T21:53:33.690Z", "order_date": "2020-08-19T00:42:01.726Z", "ordered": true, "pickup_date": "2020-08-20", "break_choice": "T", "payment_option": "B", "order_total": "7.50", "items": [787, 788]}}, {"model": "core.order", "pk": 540, "fields": {"user": 4, "ref_code": "j8af2z4vk5", "start_date": "2020-08-19T00:42:19.139Z", "order_date": "2020-08-19T00:42:24.682Z", "ordered": true, "pickup_date": "2020-08-20", "break_choice": "T", "payment_option": "B", "order_total": "24.50", "items": [789, 790, 791, 792]}}, {"model": "core.order", "pk": 541, "fields": {"user": 4, "ref_code": "7bpxm5ji11", "start_date": "2020-08-20T00:22:37.253Z", "order_date": "2020-08-20T00:22:50.312Z", "ordered": true, "pickup_date": "2020-08-21", "break_choice": "T", "payment_option": "B", "order_total": "10.50", "items": [793]}}, {"model": "core.order", "pk": 542, "fields": {"user": 4, "ref_code": "r4p5s5tojn", "start_date": "2020-08-20T02:52:41.853Z", "order_date": "2020-08-24T07:03:51.667Z", "ordered": true, "pickup_date": "2020-08-25", "break_choice": "T", "payment_option": "B", "order_total": "20.50", "items": [794, 795, 808]}}, {"model": "core.order", "pk": 543, "fields": {"user": 7, "ref_code": "byuz85g9f5", "start_date": "2020-08-20T03:11:37.907Z", "order_date": "2020-08-20T03:11:52.370Z", "ordered": true, "pickup_date": "2020-08-21", "break_choice": "T", "payment_option": "B", "order_total": "20.50", "items": [799, 800, 802]}}, {"model": "core.order", "pk": 545, "fields": {"user": 7, "ref_code": "6nb6ql86jo", "start_date": "2020-08-20T03:12:03.007Z", "order_date": "2020-08-20T03:12:10.972Z", "ordered": true, "pickup_date": "2020-08-21", "break_choice": "T", "payment_option": "B", "order_total": "5.00", "items": [804]}}, {"model": "core.order", "pk": 546, "fields": {"user": 7, "ref_code": null, "start_date": "2020-08-20T03:17:17.982Z", "order_date": "2020-08-20T03:17:17.982Z", "ordered": false, "pickup_date": "2020-08-20", "break_choice": "T", "payment_option": "B", "order_total": "0.00", "items": [805, 806, 807]}}, {"model": "core.order", "pk": 547, "fields": {"user": 1, "ref_code": "bsg2k2iytj", "start_date": "2020-09-01T01:48:25.630Z", "order_date": "2020-09-01T01:56:54.067Z", "ordered": true, "pickup_date": "2020-09-02", "break_choice": "T", "payment_option": "B", "order_total": "7.50", "items": [810, 811]}}, {"model": "core.order", "pk": 548, "fields": {"user": 1, "ref_code": "20rugmwryr", "start_date": "2020-09-01T01:56:57.305Z", "order_date": "2020-09-01T01:57:00.288Z", "ordered": true, "pickup_date": "2020-09-02", "break_choice": "T", "payment_option": "B", "order_total": "7.50", "items": [812, 813]}}, {"model": "admin.logentry", "pk": 1314, "fields": {"action_time": "2020-08-03T00:26:22.852Z", "user": 4, "content_type": 4, "object_id": "1", "object_repr": "Admin", "action_flag": 2, "change_message": "[{\"changed\": {\"fields\": [\"password\"]}}]"}}, {"model": "admin.logentry", "pk": 1315, "fields": {"action_time": "2020-08-03T00:30:22.227Z", "user": 1, "content_type": 32, "object_id": "3", "object_repr": "ClosedDate object (3)", "action_flag": 1, "change_message": "[{\"added\": {}}]"}}, {"model": "admin.logentry", "pk": 1316, "fields": {"action_time": "2020-08-03T00:34:50.707Z", "user": 1, "content_type": 15, "object_id": "38", "object_repr": "Large Primo", "action_flag": 2, "change_message": "[{\"added\": {\"name\": \"item variation\", \"object\": \"Large Primo (test1)\"}}]"}}, {"model": "admin.logentry", "pk": 1317, "fields": {"action_time": "2020-08-03T00:35:13.178Z", "user": 1, "content_type": 15, "object_id": "38", "object_repr": "Large Primo", "action_flag": 2, "change_message": "[{\"deleted\": {\"name\": \"item variation\", \"object\": \"Large Primo (test1)\"}}]"}}, {"model": "admin.logentry", "pk": 1318, "fields": {"action_time": "2020-08-03T00:48:37.614Z", "user": 4, "content_type": 31, "object_id": "2", "object_repr": "CutoffTime object (2)", "action_flag": 2, "change_message": "[{\"changed\": {\"fields\": [\"cutoff\"]}}]"}}, {"model": "admin.logentry", "pk": 1319, "fields": {"action_time": "2020-08-03T00:52:50.613Z", "user": 4, "content_type": 32, "object_id": "3", "object_repr": "ClosedDate object (3)", "action_flag": 3, "change_message": ""}}, {"model": "admin.logentry", "pk": 1320, "fields": {"action_time": "2020-08-03T01:52:41.951Z", "user": 4, "content_type": 32, "object_id": "4", "object_repr": "ClosedDate object (4)", "action_flag": 1, "change_message": "[{\"added\": {}}]"}}, {"model": "admin.logentry", "pk": 1321, "fields": {"action_time": "2020-08-03T01:53:02.490Z", "user": 4, "content_type": 32, "object_id": "4", "object_repr": "ClosedDate object (4)", "action_flag": 3, "change_message": ""}}, {"model": "admin.logentry", "pk": 1322, "fields": {"action_time": "2020-08-04T21:46:54.459Z", "user": 7, "content_type": 15, "object_id": "12", "object_repr": "Panini", "action_flag": 2, "change_message": "[{\"changed\": {\"fields\": [\"title\"]}}]"}}, {"model": "admin.logentry", "pk": 1323, "fields": {"action_time": "2020-08-04T21:47:19.237Z", "user": 7, "content_type": 15, "object_id": "35", "object_repr": "Juicies", "action_flag": 2, "change_message": "[{\"changed\": {\"fields\": [\"maximum_quantity\"]}}]"}}, {"model": "admin.logentry", "pk": 1324, "fields": {"action_time": "2020-08-11T02:32:49.860Z", "user": 4, "content_type": 11, "object_id": "2", "object_repr": "secondary Google", "action_flag": 1, "change_message": "[{\"added\": {}}]"}}, {"model": "admin.logentry", "pk": 1325, "fields": {"action_time": "2020-08-11T02:34:20.750Z", "user": 4, "content_type": 11, "object_id": "2", "object_repr": "secondary Google", "action_flag": 3, "change_message": ""}}, {"model": "admin.logentry", "pk": 1326, "fields": {"action_time": "2020-08-18T06:49:43.516Z", "user": 4, "content_type": 15, "object_id": "6", "object_repr": "Turkish Sandwiches", "action_flag": 2, "change_message": "[{\"changed\": {\"fields\": [\"not_available\"]}}]"}}, {"model": "admin.logentry", "pk": 1327, "fields": {"action_time": "2020-08-18T06:50:27.086Z", "user": 4, "content_type": 15, "object_id": "6", "object_repr": "Turkish Sandwiches", "action_flag": 2, "change_message": "[{\"changed\": {\"fields\": [\"not_available\"]}}]"}}, {"model": "admin.logentry", "pk": 1328, "fields": {"action_time": "2020-08-18T21:51:07.894Z", "user": 4, "content_type": 15, "object_id": "36", "object_repr": "G Force", "action_flag": 2, "change_message": "[{\"changed\": {\"name\": \"item variation\", \"object\": \"G Force (Blackcurrent)\", \"fields\": [\"option_not_available\"]}}]"}}, {"model": "admin.logentry", "pk": 1329, "fields": {"action_time": "2020-08-18T21:53:28.164Z", "user": 4, "content_type": 15, "object_id": "36", "object_repr": "G Force", "action_flag": 2, "change_message": "[{\"changed\": {\"name\": \"item variation\", \"object\": \"G Force (Blackcurrent)\", \"fields\": [\"not_available\"]}}]"}}, {"model": "admin.logentry", "pk": 1330, "fields": {"action_time": "2020-08-22T00:04:38.817Z", "user": 7, "content_type": 32, "object_id": "5", "object_repr": "ClosedDate object (5)", "action_flag": 1, "change_message": "[{\"added\": {}}]"}}, {"model": "admin.logentry", "pk": 1331, "fields": {"action_time": "2020-08-22T00:04:46.105Z", "user": 7, "content_type": 32, "object_id": "5", "object_repr": "ClosedDate object (5)", "action_flag": 3, "change_message": ""}}, {"model": "admin.logentry", "pk": 1332, "fields": {"action_time": "2020-08-22T00:04:59.303Z", "user": 7, "content_type": 31, "object_id": "2", "object_repr": "CutoffTime object (2)", "action_flag": 2, "change_message": "[{\"changed\": {\"fields\": [\"cutoff\"]}}]"}}, {"model": "admin.logentry", "pk": 1333, "fields": {"action_time": "2020-08-22T00:05:38.679Z", "user": 7, "content_type": 15, "object_id": "42", "object_repr": "Mizone 750mL", "action_flag": 2, "change_message": "[]"}}, {"model": "admin.logentry", "pk": 1334, "fields": {"action_time": "2020-08-29T10:50:03.806Z", "user": 7, "content_type": 11, "object_id": "1", "object_repr": "Google API", "action_flag": 2, "change_message": "[]"}}, {"model": "admin.logentry", "pk": 1335, "fields": {"action_time": "2020-08-31T21:59:00.997Z", "user": 1, "content_type": 15, "object_id": "49", "object_repr": "test", "action_flag": 1, "change_message": "[{\"added\": {}}]"}}, {"model": "admin.logentry", "pk": 1336, "fields": {"action_time": "2020-09-01T01:57:12.597Z", "user": 1, "content_type": 15, "object_id": "49", "object_repr": "test", "action_flag": 3, "change_message": ""}}]